CNOTE_NO,CNOTE_BRANCH_ID,FIELDCHAR1,FIELDCHAR2,FIELDCHAR3,FIELDCHAR4,FIELDCHAR5,FIELDNUM1,FIELDNUM2,FIELDNUM3,FIELDNUM4,FIELDNUM5,CDATE
000001428360,CGK000,,,,,,,,,,,2026-01-05 09:22:35
000001428610,CGK000,,,,,,,,,,,2026-01-05 09:05:40
000001432790,CGK000,,,,,,,,,,,2026-01-05 09:15:47
011080000229126,CGK000,,,,,,,,,,,2026-01-06 00:17:33
012140008273524,CGK000,PROC_AUTO_MNF_NP_OUTBOUND,,,,,,,,,,2026-01-05 22:23:37
016050000189426,CGK000,,,,,,,,,,,2026-01-05 20:58:52
016070000208726,CGK000,PROC_AUTO_MNF_NP_OUTBOUND,,,,,,,,,,2026-01-06 12:46:54
016450000105126,CGK000,PROC_AUTO_MNF_NP_OUTBOUND,,,,,,,,,,2026-01-06 07:40:52
017370000096726,CGK000,PROC_AUTO_MNF_NP_OUTBOUND,,,,,,,,,,2026-01-06 01:34:24
017470000503326,CGK000,,,,,,,,,,,2026-01-06 00:19:32
020240048371425,BDO000,PROC_AUTO_MNF_NP_OUTBOUND,,,,,,,,,,2026-01-05 17:34:11
021280000015626,BDO000,,,,,,,,,,,2026-01-05 17:35:39
021350000095426,BDO000,,,,,,,,,,,2026-01-05 17:44:56
022060000043626,BDO000,PROC_AUTO_MNF_NP_OUTBOUND,,,,,,,,,,2026-01-05 21:56:07
023960000248826,BDO000,PROC_AUTO_MNF_NP_OUTBOUND,,,,,,,,,,2026-01-05 15:39:54
024100008118725,BDO000,PROC_AUTO_MNF_NP_OUTBOUND,,,,,,,,,,2026-01-05 15:47:57
030090000105826,SUB000,PROC_AUTO_MNF_NP_OUTBOUND,,,,,,,,,,2026-01-05 19:13:00
030550000045426,SUB000,PROC_AUTO_MNF_NP_OUTBOUND,,,,,,,,,,2026-01-05 20:52:53
031510000220825,SUB000,PROC_AUTO_MNF_NP_OUTBOUND,,,,,,,,,,2026-01-05 14:00:56
033180000026926,SUB000,PROC_AUTO_MNF_NP_OUTBOUND,,,,,,,,,,2026-01-05 23:34:56
040120000103326,MES000,PROC_AUTO_MNF_NP_OUTBOUND,,,,,,,,,,2026-01-05 14:32:37
042910000701924,MES000,PROC_AUTO_MNF_NP_OUTBOUND,,,,,,,,,,2026-01-05 13:55:43
044390000047726,MES000,PROC_AUTO_MNF_NP_OUTBOUND,,,,,,,,,,2026-01-05 23:54:07
050420000057526,DPS000,PROC_AUTO_MNF_NP_OUTBOUND,,,,,,,,,,2026-01-05 17:46:20
060420078462925,SRG000,,,,,,,,,,,2026-01-05 11:31:34
060680000192526,SRG000,PROC_AUTO_MNF_NP_OUTBOUND,,,,,,,,,,2026-01-05 16:09:31
061350000055826,SRG000,,,,,,,,,,,2026-01-05 13:20:31
062170000059026,SRG000,PROC_AUTO_MNF_NP_OUTBOUND,,,,,,,,,,2026-01-05 19:01:01
064880000626126,SRG000,PROC_AUTO_MNF_NP_OUTBOUND,,,,,,,,,,2026-01-05 13:31:11
090010000013026,PLM000,,,,,,,,,,,2026-01-05 10:27:28
090190000085526,PLM000,PROC_AUTO_MNF_NP_OUTBOUND,,,,,,,,,,2026-01-05 10:26:42
090280000053426,PLM000,,,,,,,,,,,2026-01-05 14:31:27
090340002865625,PLM000,PROC_AUTO_MNF_NP_OUTBOUND,,,,,,,,,,2026-01-05 14:21:28
091820000013826,PLM000,,,,,,,,,,,2026-01-05 16:49:57
092480000890524,PLM000,PROC_AUTO_MNF_NP_OUTBOUND,,,,,,,,,,2026-01-05 17:13:45
092500000003526,PLM000,,,,,,,,,,,2026-01-05 10:08:52
092610000031826,PLM000,,,,,,,,,,,2026-01-05 14:41:53
11003110322864,BKS000,,,,,,,,,,,2026-01-05 15:33:56
11003110371927,BKS000,,,,,,,,,,,2026-01-05 10:13:33
11003113575229,BPN000,PROC_AUTO_MNF_NP_OUTBOUND,,,,,,,,,,2026-01-05 15:41:14
11003125279164,DJB000,PROC_AUTO_MNF_NP_OUTBOUND,,,,,,,,,,2026-01-08 10:34:55
122530000002526,SOC000,,,,,,,,,,,2026-01-05 20:48:20
150250000144326,BTH000,PROC_AUTO_MNF_NP_OUTBOUND,,,,,,,,,,2026-01-05 16:27:26
172640000006326,CLG000,PROC_AUTO_MNF_NP_OUTBOUND,,,,,,,,,,2026-01-05 19:44:44
180090000290626,TKG000,PROC_AUTO_MNF_NP_OUTBOUND,,,,,,,,,,2026-01-05 18:02:03
220340000015226,BKS000,PROC_AUTO_MNF_NP_OUTBOUND,,,,,,,,,,2026-01-05 19:55:51
254440005940925,CBN000,,,,,,,,,,,2026-01-05 20:26:17
270090047190725,CXP000,,,,,,,,,,,2026-01-05 12:44:55
270770000001226,CXP000,,,,,,,,,,,2026-01-05 16:32:42
300070000110226,DPK000,,,,,,,,,,,2026-01-05 22:08:45
300380000164226,DPK000,PROC_AUTO_MNF_NP_OUTBOUND,,,,,,,,,,2026-01-06 04:20:59
300440000086526,DPK000,PROC_AUTO_MNF_NP_OUTBOUND,,,,,,,,,,2026-01-06 03:07:39
351120000015126,KDR000,,,,,,,,,,,2026-01-05 20:17:43
351260006278025,KDR000,PROC_AUTO_MNF_NP_OUTBOUND,,,,,,,,,,2026-01-05 20:42:33
370690006448525,KRW000,PROC_AUTO_MNF_NP_OUTBOUND,,,,,,,,,,2026-01-05 21:12:46
392510002926725,MDN000,PROC_AUTO_MNF_NP_OUTBOUND,,,,,,,,,,2026-01-05 16:11:45
400580000040826,MJK000,PROC_AUTO_MNF_NP_OUTBOUND,,,,,,,,,,2026-01-05 16:28:10
400610004286725,MJK000,PROC_AUTO_MNF_NP_OUTBOUND,,,,,,,,,,2026-01-05 21:11:42
460240000641726,PGK000,PROC_AUTO_MNF_NP_OUTBOUND,,,,,,,,,,2026-01-05 13:03:05
471010000006126,PKU000,,,,,,,,,,,2026-01-05 13:51:55
540350000005226,TGR000,PROC_AUTO_MNF_NP_OUTBOUND,,,,,,,,,,2026-01-06 00:09:36
541070000080726,TGR000,PROC_AUTO_MNF_NP_OUTBOUND,,,,,,,,,,2026-01-05 22:26:58
543350000115326,TGR000,PROC_AUTO_MNF_NP_OUTBOUND,,,,,,,,,,2026-01-05 21:34:41
543730000381126,TGR000,PROC_AUTO_MNF_NP_OUTBOUND,,,,,,,,,,2026-01-05 21:52:15
580860002040425,TSM000,,,,,,,,,,,2026-01-05 23:10:29
620890000038026,PWT000,PROC_AUTO_MNF_NP_OUTBOUND,,,,,,,,,,2026-01-05 21:09:45
630970000029326,CKR000,,,,,,,,,,,2026-01-05 21:23:39
631720000036526,CKR000,,,,,,,,,,,2026-01-05 13:16:41
640160000134426,TGL000,PROC_AUTO_MNF_NP_OUTBOUND,,,,,,,,,,2026-01-05 21:03:06
640350003637025,TGL000,,,,,,,,,,,2026-01-05 19:48:39
6459902600001622,TGL000,PROC_AUTO_MNF_NP_OUTBOUND,,,,,,,,,,2026-01-05 21:24:43
680390000119126,SDA000,PROC_AUTO_MNF_NP_OUTBOUND,,,,,,,,,,2026-01-05 19:50:31
CM06490171221,PBL000,PROC_AUTO_MNF_NP_OUTBOUND,,,,,,,,,,2026-01-05 20:00:32
CM06862186702,DPK000,PROC_AUTO_MNF_NP_OUTBOUND,,,,,,,,,,2026-01-05 23:52:59
CM07040223650,TKG000,PROC_AUTO_MNF_NP_OUTBOUND,,,,,,,,,,2026-01-05 12:02:01
CM09059387593,DPK000,PROC_AUTO_MNF_NP_OUTBOUND,,,,,,,,,,2026-01-06 04:47:25
CM17575531142,SRG000,,,,,,,,,,,2026-01-05 21:20:47
CM21406569252,DPK000,PROC_AUTO_MNF_NP_OUTBOUND,,,,,,,,,,2026-01-06 04:42:55
CM30178599901,TGR000,PROC_AUTO_MNF_NP_OUTBOUND,,,,,,,,,,2026-01-06 00:05:43
CM32188369171,TGR000,PROC_AUTO_MNF_NP_OUTBOUND,,,,,,,,,,2026-01-06 00:48:08
CM43138148714,CXP000,,,,,,,,,,,2026-01-05 16:26:28
CM50248918826,PLM000,,,,,,,,,,,2026-01-05 14:42:39
CM55243429466,BOO000,PROC_AUTO_MNF_NP_OUTBOUND,,,,,,,,,,2026-01-05 17:54:20
CM64600193015,KRW000,PROC_AUTO_MNF_NP_OUTBOUND,,,,,,,,,,2026-01-05 22:10:36
CM72171035979,DPS000,PROC_AUTO_MNF_NP_OUTBOUND,,,,,,,,,,2026-01-06 02:52:48
CM79696000410,TGR000,,,,,,,,,,,2026-01-05 00:38:01
CM82648674645,PLM000,,,,,,,,,,,2026-01-05 13:52:54
CM83833474079,PLM000,,,,,,,,,,,2026-01-05 11:38:17
CM83928833442,TGR000,,,,,,,,,,,2026-01-04 22:23:40
CM84273000550,PLM000,,,,,,,,,,,2026-01-05 13:59:44
CM88150609621,MJK000,PROC_AUTO_MNF_NP_OUTBOUND,,,,,,,,,,2026-01-05 16:26:22
CM88227722916,TSM000,PROC_AUTO_MNF_NP_OUTBOUND,,,,,,,,,,2026-01-06 05:30:20
CM88773612333,BOO000,,,,,,,,,,,2026-01-05 20:12:16
CM92091687635,TGR000,,,,,,,,,,,2026-01-05 00:37:32
CM93277006587,SMD000,PROC_AUTO_MNF_NP_OUTBOUND,,,,,,,,,,2026-01-05 10:23:47
CSS3501048285502,KDR000,,,,,,,,,,,2026-01-05 22:34:35
FWPLM26000374771,PLM000,PROC_AUTO_MNF_NP_OUTBOUND,,,,,,,,,,2026-01-05 16:09:39
JNRC-1001194519,BDO000,PROC_AUTO_MNF_NP_OUTBOUND,,,,,,,,,,2026-01-05 22:48:10
JT00523712013,BOO000,,,,,,,,,,,2026-01-05 21:13:41
JT00880736916,BOO000,,,,,,,,,,,2026-01-05 21:13:15
JT01095446175,BOO000,,,,,,,,,,,2026-01-05 21:17:41
JT03193967612,BOO000,,,,,,,,,,,2026-01-05 21:13:12
JT05549089430,BOO000,,,,,,,,,,,2026-01-05 21:16:01
JT17215047499,BOO000,,,,,,,,,,,2026-01-05 03:24:57
JT24186884624,MGL000,,,,,,,,,,,2026-01-05 22:11:25
JT27702903989,CGK000,,,,,,,,,,,2026-01-05 05:16:50
JT28480713494,BDO000,PROC_AUTO_MNF_NP_OUTBOUND,,,,,,,,,,2026-01-05 21:23:21
JT29986908160,SOC000,,,,,,,,,,,2026-01-05 14:16:42
JT33052548672,BOO000,,,,,,,,,,,2026-01-05 03:25:38
JT36838117415,SUB000,PROC_AUTO_MNF_NP_OUTBOUND,,,,,,,,,,2026-01-05 22:45:19
JT39301774727,SOC000,,,,,,,,,,,2026-01-05 14:16:47
JT39837018588,CGK000,PROC_AUTO_MNF_NP_OUTBOUND,,,,,,,,,,2026-01-06 08:37:40
JT49429424889,BDO000,PROC_AUTO_MNF_NP_OUTBOUND,,,,,,,,,,2026-01-05 19:19:36
JT51700195892,PGK000,PROC_AUTO_MNF_NP_OUTBOUND,,,,,,,,,,2026-01-05 19:09:04
JT53379855120,SRG000,,,,,,,,,,,2026-01-05 15:44:29
JT55947346967,BOO000,,,,,,,,,,,2026-01-05 03:25:02
JT56156604293,SOC000,,,,,,,,,,,2026-01-05 14:16:50
JT56915544158,SOC000,,,,,,,,,,,2026-01-05 14:16:55
JT59302711112,SOC000,,,,,,,,,,,2026-01-05 14:17:08
JT60196769046,SUB000,PROC_AUTO_MNF_NP_OUTBOUND,,,,,,,,,,2026-01-05 22:44:57
JT66109332038,SOC000,,,,,,,,,,,2026-01-05 14:17:02
JT75072831887,SOC000,,,,,,,,,,,2026-01-05 14:17:13
JT78660636286,SOC000,,,,,,,,,,,2026-01-05 14:16:40
JT83230420861,BOO000,,,,,,,,,,,2026-01-05 03:25:28
JT84395553578,CXP000,,,,,,,,,,,2026-01-05 16:18:42
JT87362845391,BOO000,,,,,,,,,,,2026-01-05 03:25:33
JT89178910013,BOO000,,,,,,,,,,,2026-01-05 03:24:52
KAJ0331891228466,SRG000,PROC_AUTO_MNF_NP_OUTBOUND,,,,,,,,,,2026-01-05 14:43:15
RTPSR26003969294,PSR000,,,,,,,,,,,2026-01-05 21:50:59
RTSOC26003470353,SOC000,PROC_AUTO_MNF_NP_OUTBOUND,,,,,,,,,,2026-01-05 17:05:35
TG0005951240,CKR000,,,,,,,,,,,2026-01-05 10:19:58
TG0008380548,TSM000,,,,,,,,,,,2026-01-05 17:10:17
TG0011080048,CGK000,,,,,,,,,,,2026-01-06 07:42:38
TG0011080249,BDO000,PROC_AUTO_MNF_NP_OUTBOUND,,,,,,,,,,2026-01-05 17:46:53
TG0014591741,CGK000,PROC_AUTO_MNF_NP_OUTBOUND,,,,,,,,,,2026-01-08 21:42:17
TG3540988371,TGR000,PROC_AUTO_MNF_NP_OUTBOUND,,,,,,,,,,2026-01-05 21:50:41
TG3545997773,CGK000,PROC_AUTO_MNF_NP_OUTBOUND,,,,,,,,,,2026-01-05 13:42:53
TG3548431470,TSM000,,,,,,,,,,,2026-01-05 20:01:57
TG7001769017,SRG000,PROC_AUTO_MNF_NP_OUTBOUND,,,,,,,,,,2026-01-05 13:54:41
000001426140,CGK000,,,,,,,,,,,2026-01-05 08:58:34
000001430240,CGK000,,,,,,,,,,,2026-01-05 09:22:43
000001431120,CGK000,,,,,,,,,,,2026-01-05 09:06:47
000001431290,CGK000,,,,,,,,,,,2026-01-05 09:16:08
000001432890,CGK000,,,,,,,,,,,2026-01-05 09:16:08
004548783600,PBL000,PROC_AUTO_MNF_NP_OUTBOUND,,,,,,,,,,2026-01-05 21:39:13
010080000080126,CGK000,,,,,,,,,,,2026-01-06 00:05:35
011430000487526,CGK000,,,,,,,,,,,2026-01-05 22:33:28
0117582600062274,CGK000,PROC_AUTO_MNF_NP_OUTBOUND,,,,,,,,,,2026-01-06 23:51:25
012490000455826,CGK000,PROC_AUTO_MNF_NP_OUTBOUND,,,,,,,,,,2026-01-06 00:41:45
020230000082726,BDO000,PROC_AUTO_MNF_NP_OUTBOUND,,,,,,,,,,2026-01-05 19:02:58
020250000010926,BDO000,PROC_AUTO_MNF_NP_OUTBOUND,,,,,,,,,,2026-01-05 19:52:12
020270000156926,BDO000,,,,,,,,,,,2026-01-05 17:37:25
020550000201526,BDO000,PROC_AUTO_MNF_NP_OUTBOUND,,,,,,,,,,2026-01-05 20:18:06
021520000049626,BDO000,PROC_AUTO_MNF_NP_OUTBOUND,,,,,,,,,,2026-01-05 19:02:16
030260000015126,SUB000,,,,,,,,,,,2026-01-05 19:22:11
052800001802725,DPS000,PROC_AUTO_MNF_NP_OUTBOUND,,,,,,,,,,2026-01-06 02:21:22
060200001170026,SRG000,,,,,,,,,,,2026-01-05 10:44:58
060400000199726,SRG000,PROC_AUTO_MNF_NP_OUTBOUND,,,,,,,,,,2026-01-05 10:10:26
060490000176526,SRG000,,,,,,,,,,,2026-01-05 18:11:24
060520006334525,SRG000,PROC_AUTO_MNF_NP_OUTBOUND,,,,,,,,,,2026-01-05 15:54:03
060520006454925,SRG000,,,,,,,,,,,2026-01-05 14:29:36
061350000058526,SRG000,PROC_AUTO_MNF_NP_OUTBOUND,,,,,,,,,,2026-01-05 13:12:56
063250000003826,SRG000,PROC_AUTO_MNF_NP_OUTBOUND,,,,,,,,,,2026-01-05 14:42:43
065280000012626,SRG000,,,,,,,,,,,2026-01-05 23:48:16
071810009418425,BKI000,,,,,,,,,,,2026-01-05 16:27:52
072610007939825,BKI000,,,,,,,,,,,2026-01-05 22:49:33
083150000091026,BOO000,,,,,,,,,,,2026-01-05 20:11:36
083610000083426,BOO000,,,,,,,,,,,2026-01-05 22:31:09
090010000995226,PLM000,,,,,,,,,,,2026-01-05 11:42:05
090760000044526,PLM000,,,,,,,,,,,2026-01-05 12:35:25
11003096727776,BKS000,,,,,,,,,,,2026-01-05 10:14:16
11003096745828,BKS000,,,,,,,,,,,2026-01-05 10:16:01
11003096747172,BKS000,,,,,,,,,,,2026-01-05 10:14:19
11003096747633,BKS000,,,,,,,,,,,2026-01-05 10:45:07
11003110371905,BKS000,,,,,,,,,,,2026-01-05 10:14:33
141740002053525,JOG000,PROC_AUTO_MNF_NP_OUTBOUND,,,,,,,,,,2026-01-05 14:04:26
150450000037126,BTH000,PROC_AUTO_MNF_NP_OUTBOUND,,,,,,,,,,2026-01-05 17:58:49
180090000281726,TKG000,PROC_AUTO_MNF_NP_OUTBOUND,,,,,,,,,,2026-01-05 18:59:12
200150000459624,AMI000,PROC_AUTO_MNF_NP_OUTBOUND,,,,,,,,,,2026-01-05 14:34:08
2600001631102M01,BDO000,PROC_AUTO_MNF_NP_OUTBOUND,,,,,,,,,,2026-01-05 22:00:32
2600001631102M02,BDO000,PROC_AUTO_MNF_NP_OUTBOUND,,,,,,,,,,2026-01-05 22:01:48
2600001675802M01,BDO000,,,,,,,,,,,2026-01-05 17:15:11
2600001675802M02,BDO000,,,,,,,,,,,2026-01-05 17:15:15
270090000002426,CXP000,PROC_AUTO_MNF_NP_OUTBOUND,,,,,,,,,,2026-01-05 09:29:44
270090046079525,CXP000,PROC_AUTO_MNF_NP_OUTBOUND,,,,,,,,,,2026-01-05 10:14:33
270360003496424,CXP000,,,,,,,,,,,2026-01-05 19:11:32
330050000248826,JBR000,PROC_AUTO_MNF_NP_OUTBOUND,,,,,,,,,,2026-01-05 14:52:37
331380000083526,JBR000,,,,,,,,,,,2026-01-05 23:23:19
370050000163526,KRW000,PROC_AUTO_MNF_NP_OUTBOUND,,,,,,,,,,2026-01-05 22:31:59
393730001505025,MDN000,PROC_AUTO_MNF_NP_OUTBOUND,,,,,,,,,,2026-01-05 22:31:24
541070000082526,TGR000,PROC_AUTO_MNF_NP_OUTBOUND,,,,,,,,,,2026-01-05 23:04:38
541270000025326,TGR000,PROC_AUTO_MNF_NP_OUTBOUND,,,,,,,,,,2026-01-05 22:21:58
541460000205526,TGR000,PROC_AUTO_MNF_NP_OUTBOUND,,,,,,,,,,2026-01-06 00:48:05
542020000445626,TGR000,PROC_AUTO_MNF_NP_OUTBOUND,,,,,,,,,,2026-01-06 02:19:53
542440000014926,TGR000,PROC_AUTO_MNF_NP_OUTBOUND,,,,,,,,,,2026-01-05 22:52:35
580380005114925,TSM000,,,,,,,,,,,2026-01-05 14:54:06
580440000046126,TSM000,,,,,,,,,,,2026-01-05 14:41:00
580470000139226,TSM000,,,,,,,,,,,2026-01-05 14:39:22
580470020627925,TSM000,,,,,,,,,,,2026-01-05 14:28:57
580950000011426,TSM000,,,,,,,,,,,2026-01-05 19:49:09
581000000452826,TSM000,PROC_AUTO_MNF_NP_OUTBOUND,,,,,,,,,,2026-01-05 19:51:00
582030000019626,TSM000,,,,,,,,,,,2026-01-05 19:26:13
601370000034326,MGL000,,,,,,,,,,,2026-01-05 13:46:22
602290000491425,MGL000,PROC_AUTO_MNF_NP_OUTBOUND,,,,,,,,,,2026-01-05 21:55:15
610010000153526,PSR000,PROC_AUTO_MNF_NP_OUTBOUND,,,,,,,,,,2026-01-06 03:37:14
620160000108826,PWT000,PROC_AUTO_MNF_NP_OUTBOUND,,,,,,,,,,2026-01-05 18:34:32
630490000258626,CKR000,PROC_AUTO_MNF_NP_OUTBOUND,,,,,,,,,,2026-01-05 13:58:40
631070000008526,CKR000,PROC_AUTO_MNF_NP_OUTBOUND,,,,,,,,,,2026-01-06 00:26:58
680350000205426,SDA000,PROC_AUTO_MNF_NP_OUTBOUND,,,,,,,,,,2026-01-05 13:03:09
8000126834192,MES000,PROC_AUTO_MNF_NP_OUTBOUND,,,,,,,,,,2026-01-05 19:15:12
CM00375532614,TGR000,PROC_AUTO_MNF_NP_OUTBOUND,,,,,,,,,,2026-01-06 01:37:38
CM03075255498,TGR000,PROC_AUTO_MNF_NP_OUTBOUND,,,,,,,,,,2026-01-06 00:07:07
CM08538692902,TGR000,PROC_AUTO_MNF_NP_OUTBOUND,,,,,,,,,,2026-01-06 08:30:37
CM11520349084,BTH000,PROC_AUTO_MNF_NP_OUTBOUND,,,,,,,,,,2026-01-05 16:27:31
CM12012731783,TGR000,PROC_AUTO_MNF_NP_OUTBOUND,,,,,,,,,,2026-01-06 00:52:44
CM12182239128,TGR000,PROC_AUTO_MNF_NP_OUTBOUND,,,,,,,,,,2026-01-06 00:57:39
CM12187253850,MGL000,,,,,,,,,,,2026-01-05 13:47:29
CM19225333271,CGK000,PROC_AUTO_MNF_NP_OUTBOUND,,,,,,,,,,2026-01-06 16:28:04
CM19770694474,TGR000,PROC_AUTO_MNF_NP_OUTBOUND,,,,,,,,,,2026-01-06 07:45:02
CM24362027293,TGR000,PROC_AUTO_MNF_NP_OUTBOUND,,,,,,,,,,2026-01-06 01:15:04
CM24963152753,JBR000,PROC_AUTO_MNF_NP_OUTBOUND,,,,,,,,,,2026-01-06 00:05:33
CM29901789279,PLM000,,,,,,,,,,,2026-01-05 22:25:32
CM30179606096,TGR000,PROC_AUTO_MNF_NP_OUTBOUND,,,,,,,,,,2026-01-06 01:43:57
CM30889763417,SRG000,,,,,,,,,,,2026-01-05 13:45:34
CM33049913727,CLG000,PROC_AUTO_MNF_NP_OUTBOUND,,,,,,,,,,2026-01-05 19:38:00
CM39448815678,BDO000,PROC_AUTO_MNF_NP_OUTBOUND,,,,,,,,,,2026-01-05 19:02:23
CM41070673448,SUB000,PROC_AUTO_MNF_NP_OUTBOUND,,,,,,,,,,2026-01-06 03:18:06
CM45666217853,PLM000,,,,,,,,,,,2026-01-05 16:25:27
CM54974036449,TGR000,PROC_AUTO_MNF_NP_OUTBOUND,,,,,,,,,,2026-01-06 01:32:53
CM61297062638,CLG000,PROC_AUTO_MNF_NP_OUTBOUND,,,,,,,,,,2026-01-05 21:29:59
CM61343844602,BOO000,,,,,,,,,,,2026-01-03 20:36:58
CM66550296616,SUB000,PROC_AUTO_MNF_NP_OUTBOUND,,,,,,,,,,2026-01-05 14:01:36
CM69339785067,TGR000,PROC_AUTO_MNF_NP_OUTBOUND,,,,,,,,,,2026-01-05 23:42:52
CM70203106690,AMQ000,PROC_AUTO_MNF_NP_OUTBOUND,,,,,,,,,,2026-01-05 17:12:01
CM73251199502,BTH000,PROC_AUTO_MNF_NP_OUTBOUND,,,,,,,,,,2026-01-05 16:24:48
CM76111988689,PLM000,,,,,,,,,,,2026-01-05 14:01:34
CM97520501460,PLM000,,,,,,,,,,,2026-01-05 11:41:02
CM97765026866,BKI000,PROC_AUTO_MNF_NP_OUTBOUND,,,,,,,,,,2026-01-05 22:20:49
CSS3501048286547,KDR000,,,,,,,,,,,2026-01-05 22:34:43
JNEB-1026301448,BOO000,,,,,,,,,,,2026-01-03 23:24:34
JNEB-1026308211,BOO000,,,,,,,,,,,2026-01-03 23:39:51
JT00383316313,SUB000,,,,,,,,,,,2026-01-06 15:33:49
JT06977690791,BOO000,,,,,,,,,,,2026-01-05 21:12:39
JT09406925952,SOC000,,,,,,,,,,,2026-01-05 13:32:51
JT09422419835,TKG000,PROC_AUTO_MNF_NP_OUTBOUND,,,,,,,,,,2026-01-05 19:20:23
JT09549453368,BOO000,,,,,,,,,,,2026-01-05 21:19:37
JT10554266302,BOO000,,,,,,,,,,,2026-01-05 21:14:14
JT11341710328,BOO000,PROC_AUTO_MNF_NP_OUTBOUND,,,,,,,,,,2026-01-05 03:04:30
JT13355050680,BOO000,,,,,,,,,,,2026-01-05 21:14:58
JT21560606373,BOO000,PROC_AUTO_MNF_NP_OUTBOUND,,,,,,,,,,2026-01-05 02:12:14
JT22723482422,PLM000,,,,,,,,,,,2026-01-05 18:18:18
JT23073048463,SOC000,,,,,,,,,,,2026-01-05 13:33:16
JT23128199945,BOO000,PROC_AUTO_MNF_NP_OUTBOUND,,,,,,,,,,2026-01-05 03:04:14
JT26559737332,BOO000,,,,,,,,,,,2026-01-05 21:14:25
JT28585215172,BOO000,,,,,,,,,,,2026-01-05 21:15:27
JT34799751623,SRG000,PROC_AUTO_MNF_NP_OUTBOUND,,,,,,,,,,2026-01-05 22:30:07
JT34949328923,MES000,PROC_AUTO_MNF_NP_OUTBOUND,,,,,,,,,,2026-01-06 03:04:07
JT38063286739,BOO000,PROC_AUTO_MNF_NP_OUTBOUND,,,,,,,,,,2026-01-05 02:12:40
JT40443023223,BOO000,,,,,,,,,,,2026-01-05 21:17:36
JT47224494138,BOO000,,,,,,,,,,,2026-01-05 21:19:47
JT49203158917,CGK000,PROC_AUTO_MNF_NP_OUTBOUND,,,,,,,,,,2026-01-06 08:13:49
JT52574168966,SDA000,,,,,,,,,,,2026-01-05 12:06:02
JT53603570065,SOC000,,,,,,,,,,,2026-01-05 13:33:44
JT54111692469,BOO000,,,,,,,,,,,2026-01-05 21:17:30
JT54112427134,BOO000,,,,,,,,,,,2026-01-05 21:11:59
JT58737255605,BOO000,,,,,,,,,,,2026-01-05 21:14:20
JT62403812245,BOO000,PROC_AUTO_MNF_NP_OUTBOUND,,,,,,,,,,2026-01-05 02:13:36
JT64602760926,PKU000,,,,,,,,,,,2026-01-05 13:53:30
JT68215066473,BOO000,,,,,,,,,,,2026-01-05 03:25:43
JT70343436687,BOO000,,,,,,,,,,,2026-01-05 21:17:25
JT70417057944,BOO000,,,,,,,,,,,2026-01-05 21:12:50
JT70857448184,SOC000,,,,,,,,,,,2026-01-05 13:33:32
JT78385455358,SOC000,,,,,,,,,,,2026-01-05 13:35:17
JT79033236671,BOO000,,,,,,,,,,,2026-01-05 09:38:32
JT80505402110,BDO000,PROC_AUTO_MNF_NP_OUTBOUND,,,,,,,,,,2026-01-05 17:47:04
JT80735425016,BOO000,,,,,,,,,,,2026-01-05 21:12:34
JT80983172575,SOC000,,,,,,,,,,,2026-01-05 13:35:22
JT81169052982,BOO000,,,,,,,,,,,2026-01-05 21:13:21
JT83860588596,SOC000,,,,,,,,,,,2026-01-05 14:16:39
JT85268540635,BOO000,PROC_AUTO_MNF_NP_OUTBOUND,,,,,,,,,,2026-01-05 03:04:04
JT92246303246,BOO000,PROC_AUTO_MNF_NP_OUTBOUND,,,,,,,,,,2026-01-05 03:03:59
MCT2512005620356,TKG000,PROC_AUTO_MNF_NP_OUTBOUND,,,,,,,,,,2026-01-05 23:16:36
PLMPQ00710245426,PLM000,,,,,,,,,,,2026-01-05 14:44:48
RTBDO26040635592,BDO000,PROC_AUTO_MNF_NP_OUTBOUND,,,,,,,,,,2026-01-05 16:04:52
RTSRG26030545333,SRG000,,,,,,,,,,,2026-01-05 19:12:53
TG0012340648,TGR000,PROC_AUTO_MNF_NP_OUTBOUND,,,,,,,,,,2026-01-05 21:18:31
TG0012660048,BKI000,,,,,,,,,,,2026-01-05 08:54:17
TG3542847772,SUB000,PROC_AUTO_MNF_NP_OUTBOUND,,,,,,,,,,2026-01-05 20:23:52
UPGDS00248135026,UPG000,,,,,,,,,,,2026-01-05 11:59:20
000001427790,CGK000,,,,,,,,,,,2026-01-05 09:08:46
000001429840,CGK000,,,,,,,,,,,2026-01-05 09:04:05
000001430250,CGK000,,,,,,,,,,,2026-01-05 09:03:34
000001430560,CGK000,,,,,,,,,,,2026-01-05 09:04:05
000001431750,CGK000,,,,,,,,,,,2026-01-05 09:24:02
000001432310,CGK000,,,,,,,,,,,2026-01-05 09:18:45
004548956480,PBL000,PROC_AUTO_MNF_NP_OUTBOUND,,,,,,,,,,2026-01-05 21:39:19
012030000176326,CGK000,PROC_AUTO_MNF_NP_OUTBOUND,,,,,,,,,,2026-01-05 23:47:58
015160000084926,CGK000,PROC_AUTO_MNF_NP_OUTBOUND,,,,,,,,,,2026-01-06 01:37:16
015960000077026,CGK000,PROC_AUTO_MNF_NP_OUTBOUND,,,,,,,,,,2026-01-06 08:18:18
020240000072726,BDO000,PROC_AUTO_MNF_NP_OUTBOUND,,,,,,,,,,2026-01-05 17:33:43
023630000046226,BDO000,PROC_AUTO_MNF_NP_OUTBOUND,,,,,,,,,,2026-01-05 20:36:18
023700000046726,BDO000,,,,,,,,,,,2026-01-05 20:13:14
030240029395525,SUB000,PROC_AUTO_MNF_NP_OUTBOUND,,,,,,,,,,2026-01-06 15:44:44
040930017511325,MES000,PROC_AUTO_MNF_NP_OUTBOUND,,,,,,,,,,2026-01-05 14:05:01
050560000071726,DPS000,PROC_AUTO_MNF_NP_OUTBOUND,,,,,,,,,,2026-01-05 16:14:06
050920000039326,DPS000,PROC_AUTO_MNF_NP_OUTBOUND,,,,,,,,,,2026-01-05 12:32:11
060200001175526,SRG000,,,,,,,,,,,2026-01-05 11:18:20
060600000065626,SRG000,PROC_AUTO_MNF_NP_OUTBOUND,,,,,,,,,,2026-01-05 22:34:50
060810000138526,SRG000,PROC_AUTO_MNF_NP_OUTBOUND,,,,,,,,,,2026-01-05 13:13:41
065840002015225,SRG000,PROC_AUTO_MNF_NP_OUTBOUND,,,,,,,,,,2026-01-05 16:11:46
071440000019426,BKI000,PROC_AUTO_MNF_NP_OUTBOUND,,,,,,,,,,2026-01-05 22:20:09
072660000101426,BKI000,,,,,,,,,,,2026-01-05 23:04:33
074110000034826,BKI000,PROC_AUTO_MNF_NP_OUTBOUND,,,,,,,,,,2026-01-05 22:34:59
081370000075826,BOO000,,,,,,,,,,,2026-01-05 21:00:22
081410013543725,BOO000,PROC_AUTO_MNF_NP_OUTBOUND,,,,,,,,,,2026-01-05 20:34:15
081520000032926,BOO000,,,,,,,,,,,2026-01-05 21:19:16
082590000056326,BOO000,,,,,,,,,,,2026-01-05 19:48:08
082620038386825,BOO000,,,,,,,,,,,2026-01-05 12:46:16
090130002978425,PLM000,,,,,,,,,,,2026-01-05 16:57:48
090790007185325,PLM000,,,,,,,,,,,2026-01-05 15:44:34
090860000056926,PLM000,,,,,,,,,,,2026-01-05 14:44:14
091530000016626,PLM000,,,,,,,,,,,2026-01-05 13:51:35
091940000004426,PLM000,,,,,,,,,,,2026-01-05 14:44:57
092500000004426,PLM000,,,,,,,,,,,2026-01-05 10:05:00
11003096634281,BKS000,,,,,,,,,,,2026-01-05 10:15:08
11003110373828,BKS000,,,,,,,,,,,2026-01-05 10:44:57
130240006990025,BPN000,,,,,,,,,,,2026-01-05 13:18:07
160210000050326,PNK000,PROC_AUTO_MNF_NP_OUTBOUND,,,,,,,,,,2026-01-05 10:24:08
172400000029626,CLG000,PROC_AUTO_MNF_NP_OUTBOUND,,,,,,,,,,2026-01-05 21:23:33
174880000393925,CLG000,,,,,,,,,,,2026-01-05 18:45:04
210830000275525,AMQ000,PROC_AUTO_MNF_NP_OUTBOUND,,,,,,,,,,2026-01-05 09:27:01
2600001682902M01,BKI000,PROC_AUTO_MNF_NP_OUTBOUND,,,,,,,,,,2026-01-05 22:21:32
2600001708902M01,TGR000,PROC_AUTO_MNF_NP_OUTBOUND,,,,,,,,,,2026-01-05 23:30:36
2600001708902M02,TGR000,PROC_AUTO_MNF_NP_OUTBOUND,,,,,,,,,,2026-01-05 23:30:35
2600001709805M02,CGK000,PROC_AUTO_MNF_NP_OUTBOUND,,,,,,,,,,2026-01-05 23:21:56
2600001709805M03,CGK000,PROC_AUTO_MNF_NP_OUTBOUND,,,,,,,,,,2026-01-05 23:21:38
2600001709805M05,CGK000,PROC_AUTO_MNF_NP_OUTBOUND,,,,,,,,,,2026-01-05 23:22:05
2600001711402M01,PKU000,PROC_AUTO_MNF_NP_OUTBOUND,,,,,,,,,,2026-01-06 00:15:21
2600001711402M02,PKU000,PROC_AUTO_MNF_NP_OUTBOUND,,,,,,,,,,2026-01-06 00:17:09
270090000332526,CXP000,PROC_AUTO_MNF_NP_OUTBOUND,,,,,,,,,,2026-01-05 12:46:51
270090045966325,CXP000,,,,,,,,,,,2026-01-05 12:44:35
270190000151226,CXP000,,,,,,,,,,,2026-01-05 13:20:52
330210000006726,JBR000,,,,,,,,,,,2026-01-05 16:37:40
330300000005926,JBR000,,,,,,,,,,,2026-01-05 22:05:46
370400000070426,KRW000,,,,,,,,,,,2026-01-05 18:10:00
392040000026926,MDN000,PROC_AUTO_MNF_NP_OUTBOUND,,,,,,,,,,2026-01-05 15:41:14
400060000258426,MJK000,PROC_AUTO_MNF_NP_OUTBOUND,,,,,,,,,,2026-01-05 17:12:54
5401652600032421,CGK000,PROC_AUTO_MNF_NP_OUTBOUND,,,,,,,,,,2026-01-05 13:43:01
541750000132226,TGR000,PROC_AUTO_MNF_NP_OUTBOUND,,,,,,,,,,2026-01-06 03:01:52
542750000187426,TGR000,PROC_AUTO_MNF_NP_OUTBOUND,,,,,,,,,,2026-01-06 02:20:15
543570000087126,TGR000,PROC_AUTO_MNF_NP_OUTBOUND,,,,,,,,,,2026-01-05 21:18:47
610340000221426,PSR000,PROC_AUTO_MNF_NP_OUTBOUND,,,,,,,,,,2026-01-05 22:26:36
640700006195425,TGL000,,,,,,,,,,,2026-01-05 18:58:46
CM03284499673,SUB000,PROC_AUTO_MNF_NP_OUTBOUND,,,,,,,,,,2026-01-05 18:04:23
CM03423957608,SDA000,PROC_AUTO_MNF_NP_OUTBOUND,,,,,,,,,,2026-01-05 13:22:10
CM21394581354,DPS000,PROC_AUTO_MNF_NP_OUTBOUND,,,,,,,,,,2026-01-05 15:03:03
CM23521789133,PLM000,,,,,,,,,,,2026-01-05 14:45:43
CM26159096647,DPK000,PROC_AUTO_MNF_NP_OUTBOUND,,,,,,,,,,2026-01-06 02:53:28
CM30577734738,AMQ000,PROC_AUTO_MNF_NP_OUTBOUND,,,,,,,,,,2026-01-05 17:10:03
CM31088741729,PLM000,,,,,,,,,,,2026-01-05 14:32:35
CM38585260527,TGR000,PROC_AUTO_MNF_NP_OUTBOUND,,,,,,,,,,2026-01-06 05:22:30
CM39088921868,TGR000,PROC_AUTO_MNF_NP_OUTBOUND,,,,,,,,,,2026-01-05 23:32:12
CM51157463419,BPN000,PROC_AUTO_MNF_NP_OUTBOUND,,,,,,,,,,2026-01-05 13:52:15
CM53957328147,TSM000,,,,,,,,,,,2026-01-05 14:28:24
CM58655039599,PLM000,,,,,,,,,,,2026-01-05 11:31:35
CM63197369710,TGR000,,,,,,,,,,,2026-01-05 03:10:21
CM80332243787,CLG000,,,,,,,,,,,2026-01-05 16:17:37
CM88207232769,BKI000,PROC_AUTO_MNF_NP_OUTBOUND,,,,,,,,,,2026-01-05 21:24:48
CSS3501048285717,KDR000,,,,,,,,,,,2026-01-05 22:34:52
JNAC-0072674358,BOO000,,,,,,,,,,,2026-01-03 21:38:23
JNAC-0072681965,SRG000,PROC_AUTO_MNF_NP_OUTBOUND,,,,,,,,,,2026-01-05 21:51:59
JNEB-1026306226,BOO000,,,,,,,,,,,2026-01-04 02:59:41
JNEB-1026315700,BOO000,,,,,,,,,,,2026-01-03 23:48:03
JT02323359865,SOC000,,,,,,,,,,,2026-01-05 13:36:12
JT06201435659,CGK000,PROC_AUTO_MNF_NP_OUTBOUND,,,,,,,,,,2026-01-06 00:37:39
JT13538282258,SOC000,,,,,,,,,,,2026-01-05 13:33:54
JT13577835389,JBR000,,,,,,,,,,,2026-01-05 15:59:26
JT14001664182,PWT000,,,,,,,,,,,2026-01-05 17:06:15
JT18153103215,PSR000,,,,,,,,,,,2026-01-05 17:49:08
JT20560123366,BKI000,,,,,,,,,,,2026-01-05 09:52:21
JT22023723018,SDA000,PROC_AUTO_MNF_NP_OUTBOUND,,,,,,,,,,2026-01-05 13:21:54
JT25223420806,BOO000,,,,,,,,,,,2026-01-03 23:04:20
JT26279682430,BOO000,,,,,,,,,,,2026-01-05 03:10:04
JT34616349791,CGK000,,,,,,,,,,,2026-01-06 00:26:34
JT37824164469,MJK000,,,,,,,,,,,2026-01-05 17:32:59
JT38584050230,CKR000,,,,,,,,,,,2026-01-05 12:58:32
JT52116050081,CGK000,PROC_AUTO_MNF_NP_OUTBOUND,,,,,,,,,,2026-01-05 23:35:57
JT66796083981,AMI000,PROC_AUTO_MNF_NP_OUTBOUND,,,,,,,,,,2026-01-05 13:56:42
JT70870002038,MXG000,,,,,,,,,,,2026-01-05 11:58:36
JT72532869691,SOC000,,,,,,,,,,,2026-01-05 13:32:40
JT75871542823,SOC000,,,,,,,,,,,2026-01-05 13:34:32
JT79863588172,TKG000,PROC_AUTO_MNF_NP_OUTBOUND,,,,,,,,,,2026-01-05 18:32:07
JT79872666595,CGK000,,,,,,,,,,,2026-01-05 22:41:15
JT81624292246,JOG000,PROC_AUTO_MNF_NP_OUTBOUND,,,,,,,,,,2026-01-05 13:24:48
JT83334330343,BOO000,,,,,,,,,,,2026-01-05 21:12:23
JT84112357539,CGK000,,,,,,,,,,,2026-01-05 22:41:30
JT86657813906,BOO000,,,,,,,,,,,2026-01-05 13:08:51
JT92573228709,SOC000,,,,,,,,,,,2026-01-05 13:32:57
JT92861782866,BKI000,PROC_AUTO_MNF_NP_OUTBOUND,,,,,,,,,,2026-01-05 22:34:30
JT93123970492,BOO000,,,,,,,,,,,2026-01-05 21:14:53
JT94011507439,BOO000,,,,,,,,,,,2026-01-05 22:16:19
JT99777260705,CGK000,,,,,,,,,,,2026-01-05 22:46:53
RTBDO26040635757,BDO000,PROC_AUTO_MNF_NP_OUTBOUND,,,,,,,,,,2026-01-05 22:44:12
RTBDO26040635879,BDO000,PROC_AUTO_MNF_NP_OUTBOUND,,,,,,,,,,2026-01-06 12:06:42
RTCLG26029601949,CLG000,PROC_AUTO_MNF_NP_OUTBOUND,,,,,,,,,,2026-01-05 13:45:12
RTDPK26006810422,DPK000,,,,,,,,,,,2026-01-05 11:25:47
RTSRG26030544851,SRG000,PROC_AUTO_MNF_NP_OUTBOUND,,,,,,,,,,2026-01-05 23:39:10
TG0005720948,CGK000,PROC_AUTO_MNF_NP_OUTBOUND,,,,,,,,,,2026-01-06 03:15:46
TG0008040749,TGR000,PROC_AUTO_MNF_NP_OUTBOUND,,,,,,,,,,2026-01-05 21:14:16
TG3545868471,BOO000,,,,,,,,,,,2026-01-05 21:00:34
TG3548736478,TGR000,PROC_AUTO_MNF_NP_OUTBOUND,,,,,,,,,,2026-01-05 13:45:42
TG7005129917,BOO000,,,,,,,,,,,2026-01-05 12:45:18
TTEAH00124873426,TTE000,,,,,,,,,,,2026-01-05 12:28:59
000001426110,CGK000,,,,,,,,,,,2026-01-05 08:56:40
000001427700,CGK000,,,,,,,,,,,2026-01-05 09:08:58
000001428990,CGK000,,,,,,,,,,,2026-01-05 09:00:25
000001429180,CGK000,,,,,,,,,,,2026-01-05 09:06:50
000001430540,CGK000,,,,,,,,,,,2026-01-05 09:04:42
000001431800,CGK000,,,,,,,,,,,2026-01-05 09:06:57
000001432270,CGK000,,,,,,,,,,,2026-01-05 09:20:22
010870000023526,CGK000,PROC_AUTO_MNF_NP_OUTBOUND,,,,,,,,,,2026-01-06 01:13:01
011180006770025,CGK000,,,,,,,,,,,2026-01-05 21:28:31
011600030468925,CGK000,PROC_AUTO_MNF_NP_OUTBOUND,,,,,,,,,,2026-01-06 02:38:25
012100000470126,CGK000,PROC_AUTO_MNF_NP_OUTBOUND,,,,,,,,,,2026-01-06 10:12:34
012200000148226,CGK000,,,,,,,,,,,2026-01-06 00:27:09
020150000302726,BDO000,,,,,,,,,,,2026-01-05 17:13:54
020530023466225,BDO000,PROC_AUTO_MNF_NP_OUTBOUND,,,,,,,,,,2026-01-05 17:26:21
020630000072526,BDO000,PROC_AUTO_MNF_NP_OUTBOUND,,,,,,,,,,2026-01-05 22:53:38
020970000083026,BDO000,PROC_AUTO_MNF_NP_OUTBOUND,,,,,,,,,,2026-01-05 20:39:54
020980000123026,BDO000,PROC_AUTO_MNF_NP_OUTBOUND,,,,,,,,,,2026-01-05 18:21:17
021120000147126,BDO000,PROC_AUTO_MNF_NP_OUTBOUND,,,,,,,,,,2026-01-05 19:52:05
021280000016526,BDO000,,,,,,,,,,,2026-01-05 17:36:02
021920000042926,BDO000,PROC_AUTO_MNF_NP_OUTBOUND,,,,,,,,,,2026-01-05 17:28:35
022850017138025,BDO000,PROC_AUTO_MNF_NP_OUTBOUND,,,,,,,,,,2026-01-05 18:21:06
022860000209826,BDO000,,,,,,,,,,,2026-01-05 21:16:04
023480000373623,BDO000,PROC_AUTO_MNF_NP_OUTBOUND,,,,,,,,,,2026-01-05 17:20:32
023600000105626,BDO000,,,,,,,,,,,2026-01-05 15:31:32
024350000256326,BDO000,,,,,,,,,,,2026-01-05 16:49:35
030090000134326,SUB000,,,,,,,,,,,2026-01-05 18:25:51
030160030033725,SUB000,PROC_AUTO_MNF_NP_OUTBOUND,,,,,,,,,,2026-01-05 15:51:04
030740000172026,SUB000,PROC_AUTO_MNF_NP_OUTBOUND,,,,,,,,,,2026-01-05 19:16:20
040120000094426,MES000,PROC_AUTO_MNF_NP_OUTBOUND,,,,,,,,,,2026-01-05 20:20:08
060010000466526,SRG000,PROC_AUTO_MNF_NP_OUTBOUND,,,,,,,,,,2026-01-05 16:46:04
060220013056025,SRG000,PROC_AUTO_MNF_NP_OUTBOUND,,,,,,,,,,2026-01-05 15:01:27
060240000182026,SRG000,PROC_AUTO_MNF_NP_OUTBOUND,,,,,,,,,,2026-01-05 17:53:36
060310000016726,SRG000,PROC_AUTO_MNF_NP_OUTBOUND,,,,,,,,,,2026-01-05 14:55:29
060390000102526,SRG000,,,,,,,,,,,2026-01-05 18:43:55
061350000057626,SRG000,PROC_AUTO_MNF_NP_OUTBOUND,,,,,,,,,,2026-01-05 13:13:28
062770005804125,SRG000,PROC_AUTO_MNF_NP_OUTBOUND,,,,,,,,,,2026-01-06 00:02:30
070410000194926,BKI000,PROC_AUTO_MNF_NP_OUTBOUND,,,,,,,,,,2026-01-05 22:23:44
071540000196826,BKI000,,,,,,,,,,,2026-01-05 16:01:28
072210000174126,BKI000,,,,,,,,,,,2026-01-05 16:16:55
072970010324925,BKI000,PROC_AUTO_MNF_NP_OUTBOUND,,,,,,,,,,2026-01-05 21:50:56
080430000044626,BOO000,,,,,,,,,,,2026-01-05 12:47:51
080530000459325,BOO000,PROC_AUTO_MNF_NP_OUTBOUND,,,,,,,,,,2026-01-05 17:46:16
081450019300825,BOO000,,,,,,,,,,,2026-01-05 19:09:37
082460000141726,BOO000,,,,,,,,,,,2026-01-05 12:58:01
082790000072126,BOO000,,,,,,,,,,,2026-01-05 23:36:59
083960014847825,BOO000,,,,,,,,,,,2026-01-05 22:14:53
090010000852426,PLM000,,,,,,,,,,,2026-01-05 10:00:20
090800002586725,PLM000,,,,,,,,,,,2026-01-05 13:54:18
091660000280724,PLM000,,,,,,,,,,,2026-01-05 17:21:49
092310000035726,PLM000,,,,,,,,,,,2026-01-05 14:22:49
11003110291771,BKS000,,,,,,,,,,,2026-01-05 10:15:44
11003110299438,BKS000,,,,,,,,,,,2026-01-05 10:15:32
120070000090826,SOC000,PROC_AUTO_MNF_NP_OUTBOUND,,,,,,,,,,2026-01-05 14:57:48
122220000072526,SOC000,,,,,,,,,,,2026-01-05 23:09:20
130590000121126,BPN000,,,,,,,,,,,2026-01-05 17:19:18
140070000107726,JOG000,,,,,,,,,,,2026-01-05 13:27:40
141360000030626,JOG000,PROC_AUTO_MNF_NP_OUTBOUND,,,,,,,,,,2026-01-05 17:45:39
142180000030226,JOG000,PROC_AUTO_MNF_NP_OUTBOUND,,,,,,,,,,2026-01-05 13:26:23
180040000306926,TKG000,PROC_AUTO_MNF_NP_OUTBOUND,,,,,,,,,,2026-01-05 14:22:26
2600001696302M01,CGK000,,,,,,,,,,,2026-01-05 20:59:54
2600001696302M02,CGK000,,,,,,,,,,,2026-01-05 20:59:59
270650000014226,CXP000,PROC_AUTO_MNF_NP_OUTBOUND,,,,,,,,,,2026-01-05 17:37:48
270830000148425,CXP000,,,,,,,,,,,2026-01-05 16:25:18
330200000169226,JBR000,,,,,,,,,,,2026-01-05 21:47:07
360100000289526,KOE000,PROC_AUTO_MNF_NP_OUTBOUND,,,,,,,,,,2026-01-05 09:40:48
370520000026426,KRW000,PROC_AUTO_MNF_NP_OUTBOUND,,,,,,,,,,2026-01-05 22:07:13
410260000616826,MXG000,,,,,,,,,,,2026-01-05 11:58:31
430010000407226,PBL000,PROC_AUTO_MNF_NP_OUTBOUND,,,,,,,,,,2026-01-05 22:33:34
4902622600000022,PLW000,PROC_AUTO_MNF_NP_OUTBOUND,,,,,,,,,,2026-01-05 22:23:44
541420000253526,TGR000,PROC_AUTO_MNF_NP_OUTBOUND,,,,,,,,,,2026-01-05 20:49:25
541710000144726,TGR000,PROC_AUTO_MNF_NP_OUTBOUND,,,,,,,,,,2026-01-05 22:56:00
541710000145626,TGR000,PROC_AUTO_MNF_NP_OUTBOUND,,,,,,,,,,2026-01-05 22:55:38
541750000131326,TGR000,PROC_AUTO_MNF_NP_OUTBOUND,,,,,,,,,,2026-01-05 23:01:02
541820000203226,TGR000,PROC_AUTO_MNF_NP_OUTBOUND,,,,,,,,,,2026-01-06 00:07:17
542200000305724,TGR000,,,,,,,,,,,2026-01-06 02:27:12
580960000012126,TSM000,PROC_AUTO_MNF_NP_OUTBOUND,,,,,,,,,,2026-01-05 21:26:18
620510000471426,PWT000,PROC_AUTO_MNF_NP_OUTBOUND,,,,,,,,,,2026-01-05 20:37:22
630890010247525,CKR000,,,,,,,,,,,2026-01-05 13:17:47
640020000429826,TGL000,,,,,,,,,,,2026-01-05 21:07:55
640160000130826,TGL000,,,,,,,,,,,2026-01-05 19:50:00
640250009570725,TGL000,,,,,,,,,,,2026-01-05 18:57:43
8000132921268,CGK000,,,,,,,,,,,2026-01-05 13:19:23
CM01674346286,TGL000,PROC_AUTO_MNF_NP_OUTBOUND,,,,,,,,,,2026-01-05 21:03:15
CM05817398242,BDO000,PROC_AUTO_MNF_NP_OUTBOUND,,,,,,,,,,2026-01-05 18:56:08
CM06157109563,CGK000,PROC_AUTO_MNF_NP_OUTBOUND,,,,,,,,,,2026-01-06 06:37:02
CM08245641183,CGK000,PROC_AUTO_MNF_NP_OUTBOUND,,,,,,,,,,2026-01-06 01:09:56
CM18263092458,TGR000,PROC_AUTO_MNF_NP_OUTBOUND,,,,,,,,,,2026-01-06 01:44:30
CM25966591515,CGK000,PROC_AUTO_MNF_NP_OUTBOUND,,,,,,,,,,2026-01-06 01:49:40
CM36068503064,PLM000,,,,,,,,,,,2026-01-05 17:13:42
CM39335902509,SRG000,PROC_AUTO_MNF_NP_OUTBOUND,,,,,,,,,,2026-01-05 14:39:07
CM41666259093,CKR000,,,,,,,,,,,2026-01-05 13:17:07
CM42158887897,TGR000,PROC_AUTO_MNF_NP_OUTBOUND,,,,,,,,,,2026-01-05 21:48:12
CM48627418799,TGR000,PROC_AUTO_MNF_NP_OUTBOUND,,,,,,,,,,2026-01-06 01:15:11
CM49090535820,TGR000,PROC_AUTO_MNF_NP_OUTBOUND,,,,,,,,,,2026-01-06 00:06:59
CM49648462687,TKG000,PROC_AUTO_MNF_NP_OUTBOUND,,,,,,,,,,2026-01-05 19:57:54
CM52960447462,TGR000,PROC_AUTO_MNF_NP_OUTBOUND,,,,,,,,,,2026-01-06 01:14:55
CM52962460564,TGR000,PROC_AUTO_MNF_NP_OUTBOUND,,,,,,,,,,2026-01-05 21:48:23
CM54285093321,CKR000,,,,,,,,,,,2026-01-05 13:15:37
CM59112104176,SRG000,,,,,,,,,,,2026-01-05 23:00:31
CM59375987403,CKR000,,,,,,,,,,,2026-01-05 13:17:17
CM68236099067,SUB000,PROC_AUTO_MNF_NP_OUTBOUND,,,,,,,,,,2026-01-05 18:04:35
CM68820105261,SRG000,PROC_AUTO_MNF_NP_OUTBOUND,,,,,,,,,,2026-01-05 14:44:42
CM79668870898,PLM000,,,,,,,,,,,2026-01-05 17:12:52
CM92360993717,BPN000,PROC_AUTO_MNF_NP_OUTBOUND,,,,,,,,,,2026-01-05 18:38:32
CM93991918281,CGK000,PROC_AUTO_MNF_NP_OUTBOUND,,,,,,,,,,2026-01-06 03:59:12
CM99150349364,AMI000,PROC_AUTO_MNF_NP_OUTBOUND,,,,,,,,,,2026-01-05 11:34:01
JT01810896566,CKR000,,,,,,,,,,,2026-01-05 20:43:10
JT01982651014,BOO000,PROC_AUTO_MNF_NP_OUTBOUND,,,,,,,,,,2026-01-05 02:13:42
JT09474517548,SMD000,PROC_AUTO_MNF_NP_OUTBOUND,,,,,,,,,,2026-01-05 11:54:17
JT12170359097,KDR000,PROC_AUTO_MNF_NP_OUTBOUND,,,,,,,,,,2026-01-05 12:39:29
JT14481607104,BDO000,,,,,,,,,,,2026-01-05 19:04:54
JT24533875177,DPS000,PROC_AUTO_MNF_NP_OUTBOUND,,,,,,,,,,2026-01-05 14:06:11
JT27443558824,CGK000,,,,,,,,,,,2026-01-05 16:01:00
JT35801375235,MJK000,,,,,,,,,,,2026-01-05 20:43:47
JT38143940593,CLG000,PROC_AUTO_MNF_NP_OUTBOUND,,,,,,,,,,2026-01-05 18:48:34
JT39357833472,CGK000,,,,,,,,,,,2026-01-05 22:39:21
JT41436848732,BDO000,PROC_AUTO_MNF_NP_OUTBOUND,,,,,,,,,,2026-01-05 19:05:19
JT50282617254,BDO000,,,,,,,,,,,2026-01-05 18:49:00
JT50953439200,JOG000,PROC_AUTO_MNF_NP_OUTBOUND,,,,,,,,,,2026-01-05 14:04:07
JT53431178796,SUB000,PROC_AUTO_MNF_NP_OUTBOUND,,,,,,,,,,2026-01-05 15:08:07
JT55264308563,BOO000,,,,,,,,,,,2026-01-05 09:27:53
JT56254894651,BDO000,,,,,,,,,,,2026-01-05 19:05:10
JT58394714566,CGK000,PROC_AUTO_MNF_NP_OUTBOUND,,,,,,,,,,2026-01-07 02:40:48
JT61155562299,BOO000,,,,,,,,,,,2026-01-05 09:40:02
JT65232616550,MGL000,,,,,,,,,,,2026-01-05 13:47:37
JT68909633262,SUB000,PROC_AUTO_MNF_NP_OUTBOUND,,,,,,,,,,2026-01-05 15:08:42
JT76545566953,CKR000,,,,,,,,,,,2026-01-05 12:59:01
JT85359071317,CKR000,,,,,,,,,,,2026-01-05 18:10:29
JT95678177997,CKR000,,,,,,,,,,,2026-01-05 12:58:30
JY45061656821,BDO000,PROC_AUTO_MNF_NP_OUTBOUND,,,,,,,,,,2026-01-06 03:52:51
MCT2511005449774,TKG000,PROC_AUTO_MNF_NP_OUTBOUND,,,,,,,,,,2026-01-05 19:35:25
MCT2511005449827,TKG000,PROC_AUTO_MNF_NP_OUTBOUND,,,,,,,,,,2026-01-05 19:25:00
MKWAC00134455226,MKW000,PROC_AUTO_MNF_NP_OUTBOUND,,,,,,,,,,2026-01-05 16:05:28
PLMBL00106146626,PLM000,,,,,,,,,,,2026-01-05 07:52:13
RTDPK26006810481,DPK000,,,,,,,,,,,2026-01-05 11:26:28
TG0005391341,BKI000,PROC_AUTO_MNF_NP_OUTBOUND,,,,,,,,,,2026-01-06 00:16:50
TG0007370447,SUB000,PROC_AUTO_MNF_NP_OUTBOUND,,,,,,,,,,2026-01-05 18:22:07
TG0010250249,SUB000,PROC_AUTO_MNF_NP_OUTBOUND,,,,,,,,,,2026-01-05 18:03:53
TG3543477876,TGR000,PROC_AUTO_MNF_NP_OUTBOUND,,,,,,,,,,2026-01-05 13:45:25
TG3543877875,TGR000,PROC_AUTO_MNF_NP_OUTBOUND,,,,,,,,,,2026-01-05 13:45:58
TG3544017175,CGK000,PROC_AUTO_MNF_NP_OUTBOUND,,,,,,,,,,2026-01-05 12:25:53
TG3546577577,PLM000,,,,,,,,,,,2026-01-05 13:49:07
TG3547477376,TGR000,PROC_AUTO_MNF_NP_OUTBOUND,,,,,,,,,,2026-01-05 13:46:05
TG3549347971,PLM000,PROC_AUTO_MNF_NP_OUTBOUND,,,,,,,,,,2026-01-05 14:53:45
TG7005559416,BKI000,PROC_AUTO_MNF_NP_OUTBOUND,,,,,,,,,,2026-01-05 21:26:00
TG7008939015,CGK000,PROC_AUTO_MNF_NP_OUTBOUND,,,,,,,,,,2026-01-06 04:37:28
000001427550,CGK000,,,,,,,,,,,2026-01-05 09:06:17
000001429040,CGK000,,,,,,,,,,,2026-01-05 09:05:35
011580000069926,CGK000,PROC_AUTO_MNF_NP_OUTBOUND,,,,,,,,,,2026-01-06 08:35:11
012030000169226,CGK000,PROC_AUTO_MNF_NP_OUTBOUND,,,,,,,,,,2026-01-05 23:42:54
012130000114726,CGK000,,,,,,,,,,,2026-01-06 00:03:01
013070000274326,CGK000,PROC_AUTO_MNF_NP_OUTBOUND,,,,,,,,,,2026-01-05 22:24:02
014260000069026,CGK000,PROC_AUTO_MNF_NP_OUTBOUND,,,,,,,,,,2026-01-05 22:39:19
015320000193426,CGK000,PROC_AUTO_MNF_NP_OUTBOUND,,,,,,,,,,2026-01-06 02:21:12
020040000445926,BDO000,PROC_AUTO_MNF_NP_OUTBOUND,,,,,,,,,,2026-01-06 11:10:57
020150000328726,BDO000,,,,,,,,,,,2026-01-05 17:17:42
021370000153926,BDO000,PROC_AUTO_MNF_NP_OUTBOUND,,,,,,,,,,2026-01-05 18:21:18
023760000008026,BDO000,PROC_AUTO_MNF_NP_OUTBOUND,,,,,,,,,,2026-01-05 20:00:55
023980000113626,BDO000,PROC_AUTO_MNF_NP_OUTBOUND,,,,,,,,,,2026-01-05 21:28:58
023990000010826,BDO000,PROC_AUTO_MNF_NP_OUTBOUND,,,,,,,,,,2026-01-05 16:52:00
040120000096226,MES000,PROC_AUTO_MNF_NP_OUTBOUND,,,,,,,,,,2026-01-05 14:35:11
060300000170126,SRG000,PROC_AUTO_MNF_NP_OUTBOUND,,,,,,,,,,2026-01-05 15:49:50
060850001781425,SRG000,PROC_AUTO_MNF_NP_OUTBOUND,,,,,,,,,,2026-01-06 00:55:28
061900000045626,SRG000,PROC_AUTO_MNF_NP_OUTBOUND,,,,,,,,,,2026-01-05 16:46:50
062770006711125,SRG000,PROC_AUTO_MNF_NP_OUTBOUND,,,,,,,,,,2026-01-06 00:01:59
062820003260325,SRG000,,,,,,,,,,,2026-01-05 13:46:38
071250000068326,BKI000,,,,,,,,,,,2026-01-05 19:35:04
081240000078326,BOO000,,,,,,,,,,,2026-01-05 17:57:33
081990005073925,BOO000,,,,,,,,,,,2026-01-05 18:59:24
082760039885225,BOO000,PROC_AUTO_MNF_NP_OUTBOUND,,,,,,,,,,2026-01-05 19:02:50
084010006013025,BOO000,,,,,,,,,,,2026-01-05 23:28:57
090010000980926,PLM000,,,,,,,,,,,2026-01-05 10:00:25
090310000572024,PLM000,,,,,,,,,,,2026-01-05 15:23:11
090380000100626,PLM000,,,,,,,,,,,2026-01-05 14:36:17
092620002329325,PLM000,,,,,,,,,,,2026-01-05 10:13:55
11003096727729,BKS000,,,,,,,,,,,2026-01-05 10:15:23
11003096745060,BKS000,,,,,,,,,,,2026-01-05 10:13:42
121800000019126,SOC000,,,,,,,,,,,2026-01-05 23:25:31
130080024385925,BPN000,PROC_AUTO_MNF_NP_OUTBOUND,,,,,,,,,,2026-01-05 13:53:21
151170000016326,BTH000,PROC_AUTO_MNF_NP_OUTBOUND,,,,,,,,,,2026-01-05 19:11:41
171950000030926,CLG000,PROC_AUTO_MNF_NP_OUTBOUND,,,,,,,,,,2026-01-05 21:27:11
172080008989425,CLG000,PROC_AUTO_MNF_NP_OUTBOUND,,,,,,,,,,2026-01-05 20:34:40
200400000740326,AMI000,PROC_AUTO_MNF_NP_OUTBOUND,,,,,,,,,,2026-01-05 10:21:34
210460000035326,AMQ000,PROC_AUTO_MNF_NP_OUTBOUND,,,,,,,,,,2026-01-05 17:58:29
253040000038926,CBN000,,,,,,,,,,,2026-01-05 20:29:09
254220000055726,CBN000,PROC_AUTO_MNF_NP_OUTBOUND,,,,,,,,,,2026-01-05 22:25:24
257580000048426,CBN000,,,,,,,,,,,2026-01-05 20:19:23
2600001651602M01,CGK000,,,,,,,,,,,2026-01-05 22:54:03
2600001651602M02,CGK000,,,,,,,,,,,2026-01-05 22:56:16
2600001662302M01,MES000,PROC_AUTO_MNF_NP_OUTBOUND,,,,,,,,,,2026-01-05 20:19:46
300370000129826,DPK000,PROC_AUTO_MNF_NP_OUTBOUND,,,,,,,,,,2026-01-05 23:21:58
330650000021526,JBR000,,,,,,,,,,,2026-01-05 22:58:50
360240000104926,KOE000,,,,,,,,,,,2026-01-05 17:17:59
370630000055526,KRW000,,,,,,,,,,,2026-01-05 20:55:48
540850000317026,TGR000,PROC_AUTO_MNF_NP_OUTBOUND,,,,,,,,,,2026-01-05 21:13:49
541130000042226,TGR000,PROC_AUTO_MNF_NP_OUTBOUND,,,,,,,,,,2026-01-05 20:27:50
541460000212626,TGR000,PROC_AUTO_MNF_NP_OUTBOUND,,,,,,,,,,2026-01-05 21:41:35
542150000111126,TGR000,PROC_AUTO_MNF_NP_OUTBOUND,,,,,,,,,,2026-01-05 21:34:44
542550000120626,TGR000,PROC_AUTO_MNF_NP_OUTBOUND,,,,,,,,,,2026-01-05 21:39:48
542610000063326,TGR000,PROC_AUTO_MNF_NP_OUTBOUND,,,,,,,,,,2026-01-06 10:45:22
543330000111226,TGR000,PROC_AUTO_MNF_NP_OUTBOUND,,,,,,,,,,2026-01-05 19:01:17
546420000083026,TGR000,PROC_AUTO_MNF_NP_OUTBOUND,,,,,,,,,,2026-01-05 21:49:08
580430000029426,TSM000,PROC_AUTO_MNF_NP_OUTBOUND,,,,,,,,,,2026-01-05 20:50:55
581060000196626,TSM000,,,,,,,,,,,2026-01-05 14:30:54
581460000060526,TSM000,,,,,,,,,,,2026-01-05 15:43:01
581510000009926,TSM000,,,,,,,,,,,2026-01-05 16:54:30
581670000008626,TSM000,,,,,,,,,,,2026-01-05 22:23:59
640590000020126,TGL000,,,,,,,,,,,2026-01-05 19:49:57
AMQEC00018107026,AMQ000,,,,,,,,,,,2026-01-05 13:58:51
CM06051451223,MGL000,PROC_AUTO_MNF_NP_OUTBOUND,,,,,,,,,,2026-01-05 22:02:21
CM11864800672,CXP000,PROC_AUTO_MNF_NP_OUTBOUND,,,,,,,,,,2026-01-05 21:41:22
CM24630664200,DPS000,PROC_AUTO_MNF_NP_OUTBOUND,,,,,,,,,,2026-01-05 15:43:33
CM25584842996,TGR000,PROC_AUTO_MNF_NP_OUTBOUND,,,,,,,,,,2026-01-05 21:27:03
CM26430027141,TSM000,,,,,,,,,,,2026-01-05 19:53:43
CM28029235282,MGL000,PROC_AUTO_MNF_NP_OUTBOUND,,,,,,,,,,2026-01-05 21:55:30
CM35008016011,SRG000,PROC_AUTO_MNF_NP_OUTBOUND,,,,,,,,,,2026-01-05 13:58:50
CM41100662845,DPK000,PROC_AUTO_MNF_NP_OUTBOUND,,,,,,,,,,2026-01-06 01:33:13
CM56201497496,MES000,PROC_AUTO_MNF_NP_OUTBOUND,,,,,,,,,,2026-01-05 14:27:09
CM57665936328,BDO000,PROC_AUTO_MNF_NP_OUTBOUND,,,,,,,,,,2026-01-05 19:14:39
CM60323833842,TTE000,,,,,,,,,,,2026-01-05 16:08:01
CM60834470452,TSM000,,,,,,,,,,,2026-01-05 21:35:18
CM60973464838,SRG000,PROC_AUTO_MNF_NP_OUTBOUND,,,,,,,,,,2026-01-05 19:38:45
CM61439048600,TGR000,PROC_AUTO_MNF_NP_OUTBOUND,,,,,,,,,,2026-01-06 07:35:40
CM64562790288,TGR000,PROC_AUTO_MNF_NP_OUTBOUND,,,,,,,,,,2026-01-06 01:35:53
CM67062754442,TGR000,PROC_AUTO_MNF_NP_OUTBOUND,,,,,,,,,,2026-01-06 01:36:23
CM69463669179,TGR000,PROC_AUTO_MNF_NP_OUTBOUND,,,,,,,,,,2026-01-06 01:15:50
CM75434974035,CKR000,,,,,,,,,,,2026-01-05 13:15:40
CM75587720554,TGR000,PROC_AUTO_MNF_NP_OUTBOUND,,,,,,,,,,2026-01-06 00:07:17
CM76142420682,TGR000,PROC_AUTO_MNF_NP_OUTBOUND,,,,,,,,,,2026-01-06 00:07:14
CM80284396599,TGR000,PROC_AUTO_MNF_NP_OUTBOUND,,,,,,,,,,2026-01-06 01:35:50
CM80749122435,TGR000,PROC_AUTO_MNF_NP_OUTBOUND,,,,,,,,,,2026-01-06 05:46:46
CM84104383086,PLM000,PROC_AUTO_MNF_NP_OUTBOUND,,,,,,,,,,2026-01-05 12:54:18
CM84182345400,CKR000,,,,,,,,,,,2026-01-05 12:59:47
CM84935787597,PLM000,,,,,,,,,,,2026-01-05 09:52:09
CM99410980036,SOC000,,,,,,,,,,,2026-01-05 13:37:56
JNAP-0249270415,CGK000,PROC_AUTO_MNF_NP_OUTBOUND,,,,,,,,,,2026-01-06 04:59:27
JNAP-0249280154,BKI000,,,,,,,,,,,2026-01-05 10:06:47
JT00575158272,CGK000,PROC_AUTO_MNF_NP_OUTBOUND,,,,,,,,,,2026-01-05 19:28:34
JT01946503121,SRG000,,,,,,,,,,,2026-01-05 18:41:56
JT03896612872,MDN000,,,,,,,,,,,2026-01-05 11:24:11
JT05718848992,SOC000,,,,,,,,,,,2026-01-05 14:17:06
JT05801002979,SOC000,,,,,,,,,,,2026-01-05 14:16:44
JT05934434706,SOC000,,,,,,,,,,,2026-01-05 14:16:45
JT17586835192,SOC000,,,,,,,,,,,2026-01-05 14:16:35
JT21040936326,BDO000,,,,,,,,,,,2026-01-05 17:28:19
JT21707266743,SOC000,,,,,,,,,,,2026-01-05 17:57:10
JT22008432483,TSM000,,,,,,,,,,,2026-01-05 19:50:42
JT29993134910,CGK000,PROC_AUTO_MNF_NP_OUTBOUND,,,,,,,,,,2026-01-05 23:28:02
JT32175216478,BOO000,,,,,,,,,,,2026-01-05 04:13:41
JT39775349605,SUB000,PROC_AUTO_MNF_NP_OUTBOUND,,,,,,,,,,2026-01-05 20:46:08
JT44746034020,BOO000,PROC_AUTO_MNF_NP_OUTBOUND,,,,,,,,,,2026-01-05 02:14:07
JT45628677716,CGK000,,,,,,,,,,,2026-01-06 05:39:30
JT47252735778,MES000,PROC_AUTO_MNF_NP_OUTBOUND,,,,,,,,,,2026-01-05 20:39:25
JT48689902571,BOO000,,,,,,,,,,,2026-01-05 04:13:36
JT53585634805,BOO000,PROC_AUTO_MNF_NP_OUTBOUND,,,,,,,,,,2026-01-05 02:13:52
JT54425131963,TGR000,PROC_AUTO_MNF_NP_OUTBOUND,,,,,,,,,,2026-01-05 20:55:08
JT61031521252,MES000,PROC_AUTO_MNF_NP_OUTBOUND,,,,,,,,,,2026-01-05 20:33:25
JT62782686881,SUB000,,,,,,,,,,,2026-01-05 14:54:32
JT68733616774,DPS000,PROC_AUTO_MNF_NP_OUTBOUND,,,,,,,,,,2026-01-05 14:01:16
JT73472398845,CGK000,PROC_AUTO_MNF_NP_OUTBOUND,,,,,,,,,,2026-01-06 14:48:57
JT74139935719,MJK000,PROC_AUTO_MNF_NP_OUTBOUND,,,,,,,,,,2026-01-05 22:54:32
JT75193464409,CGK000,PROC_AUTO_MNF_NP_OUTBOUND,,,,,,,,,,2026-01-07 06:51:57
JT79722419850,TGR000,PROC_AUTO_MNF_NP_OUTBOUND,,,,,,,,,,2026-01-05 18:51:22
JT84657984229,MES000,PROC_AUTO_MNF_NP_OUTBOUND,,,,,,,,,,2026-01-05 20:54:32
JT92825637461,CGK000,,,,,,,,,,,2026-01-05 22:47:47
RTPLM26019167302,PLM000,,,,,,,,,,,2026-01-05 10:15:07
RTSMD26006490721,SMD000,PROC_AUTO_MNF_NP_OUTBOUND,,,,,,,,,,2026-01-07 23:34:55
RTTJQ26000693891,TJQ000,PROC_AUTO_MNF_NP_OUTBOUND,,,,,,,,,,2026-01-05 19:05:28
TG0006791140,BKI000,PROC_AUTO_MNF_NP_OUTBOUND,,,,,,,,,,2026-01-06 00:16:33
TG0012031141,TGR000,PROC_AUTO_MNF_NP_OUTBOUND,,,,,,,,,,2026-01-05 22:16:25
TG0012120549,BDO000,PROC_AUTO_MNF_NP_OUTBOUND,,,,,,,,,,2026-01-05 21:26:14
TG3540087774,CKR000,,,,,,,,,,,2026-01-05 10:17:34
TG3540787374,TGR000,PROC_AUTO_MNF_NP_OUTBOUND,,,,,,,,,,2026-01-05 13:46:53
TG3541497476,TGR000,PROC_AUTO_MNF_NP_OUTBOUND,,,,,,,,,,2026-01-05 13:46:22
TG3543657074,BPN000,PROC_AUTO_MNF_NP_OUTBOUND,,,,,,,,,,2026-01-05 21:12:40
TG3547747974,TGR000,PROC_AUTO_MNF_NP_OUTBOUND,,,,,,,,,,2026-01-05 13:46:15
TG7003969317,BDO000,PROC_AUTO_MNF_NP_OUTBOUND,,,,,,,,,,2026-01-05 18:31:51
TG7007319414,BOO000,,,,,,,,,,,2026-01-05 19:47:05
000001428870,CGK000,,,,,,,,,,,2026-01-05 09:22:15
000001429510,CGK000,,,,,,,,,,,2026-01-05 09:12:08
000001430750,CGK000,,,,,,,,,,,2026-01-05 09:08:20
000001430930,CGK000,,,,,,,,,,,2026-01-05 09:07:58
011170000386126,CGK000,PROC_AUTO_MNF_NP_OUTBOUND,,,,,,,,,,2026-01-06 00:20:38
012070000179126,CGK000,PROC_AUTO_MNF_NP_OUTBOUND,,,,,,,,,,2026-01-05 23:05:56
012860000295426,CGK000,PROC_AUTO_MNF_NP_OUTBOUND,,,,,,,,,,2026-01-05 22:57:17
013110000149826,CGK000,PROC_AUTO_MNF_NP_OUTBOUND,,,,,,,,,,2026-01-06 00:20:36
015910000152926,CGK000,PROC_AUTO_MNF_NP_OUTBOUND,,,,,,,,,,2026-01-06 01:32:50
0161262600000575,CGK000,,,,,,,,,,,2026-01-05 11:53:35
0161262600004387,CGK000,,,,,,,,,,,2026-01-05 11:53:27
016450000106026,CGK000,PROC_AUTO_MNF_NP_OUTBOUND,,,,,,,,,,2026-01-06 04:04:19
020390000276926,BDO000,PROC_AUTO_MNF_NP_OUTBOUND,,,,,,,,,,2026-01-05 19:13:09
020860000132426,BDO000,,,,,,,,,,,2026-01-05 18:00:01
021500000484226,BDO000,PROC_AUTO_MNF_NP_OUTBOUND,,,,,,,,,,2026-01-05 15:48:23
024450000066226,BDO000,PROC_AUTO_MNF_NP_OUTBOUND,,,,,,,,,,2026-01-05 21:13:28
040130000192326,MES000,PROC_AUTO_MNF_NP_OUTBOUND,,,,,,,,,,2026-01-05 23:03:35
052670000045326,DPS000,,,,,,,,,,,2026-01-05 19:28:36
052760000016926,DPS000,PROC_AUTO_MNF_NP_OUTBOUND,,,,,,,,,,2026-01-06 02:39:08
060150015396825,SRG000,,,,,,,,,,,2026-01-05 14:29:50
063810000006826,SRG000,,,,,,,,,,,2026-01-05 23:18:07
065650000058326,SRG000,PROC_AUTO_MNF_NP_OUTBOUND,,,,,,,,,,2026-01-05 16:19:48
070480000166826,BKI000,PROC_AUTO_MNF_NP_OUTBOUND,,,,,,,,,,2026-01-06 02:38:09
072110000172426,BKI000,PROC_AUTO_MNF_NP_OUTBOUND,,,,,,,,,,2026-01-05 20:02:46
083860000052826,BOO000,,,,,,,,,,,2026-01-05 17:40:38
090010000420726,PLM000,,,,,,,,,,,2026-01-05 11:34:06
090010000997026,PLM000,,,,,,,,,,,2026-01-05 11:44:17
090280000054326,PLM000,,,,,,,,,,,2026-01-05 14:31:50
092300000610225,PLM000,PROC_AUTO_MNF_NP_OUTBOUND,,,,,,,,,,2026-01-06 01:10:53
092580000236726,PLM000,,,,,,,,,,,2026-01-05 11:35:16
11003110371936,BKS000,,,,,,,,,,,2026-01-05 10:45:13
170070000323226,CLG000,PROC_AUTO_MNF_NP_OUTBOUND,,,,,,,,,,2026-01-05 13:26:21
180090000267526,TKG000,PROC_AUTO_MNF_NP_OUTBOUND,,,,,,,,,,2026-01-05 19:22:14
180090016068225,TKG000,PROC_AUTO_MNF_NP_OUTBOUND,,,,,,,,,,2026-01-05 12:00:52
220030000410825,BKS000,PROC_AUTO_MNF_NP_OUTBOUND,,,,,,,,,,2026-01-05 15:38:33
220080000020926,BKS000,,,,,,,,,,,2026-01-05 16:57:07
220090000065325,BKS000,,,,,,,,,,,2026-01-05 17:50:14
220250000286226,BKS000,PROC_AUTO_MNF_NP_OUTBOUND,,,,,,,,,,2026-01-05 10:18:05
253630001472625,CBN000,,,,,,,,,,,2026-01-05 21:52:31
2600001662302M02,MES000,PROC_AUTO_MNF_NP_OUTBOUND,,,,,,,,,,2026-01-05 20:18:01
2600001697202M01,BDO000,,,,,,,,,,,2026-01-05 17:14:13
2600001697202M02,BDO000,,,,,,,,,,,2026-01-05 17:16:28
2600001706103M01,SRG000,,,,,,,,,,,2026-01-05 17:16:05
2600001706103M02,SRG000,,,,,,,,,,,2026-01-05 17:21:55
2600001706103M03,SRG000,,,,,,,,,,,2026-01-05 17:13:41
300400000258526,DPK000,PROC_AUTO_MNF_NP_OUTBOUND,,,,,,,,,,2026-01-05 23:08:28
370420000078226,KRW000,PROC_AUTO_MNF_NP_OUTBOUND,,,,,,,,,,2026-01-05 19:10:35
371470000057426,KRW000,PROC_AUTO_MNF_NP_OUTBOUND,,,,,,,,,,2026-01-06 00:22:23
400580000041726,MJK000,PROC_AUTO_MNF_NP_OUTBOUND,,,,,,,,,,2026-01-05 16:26:28
400880005591725,MJK000,PROC_AUTO_MNF_NP_OUTBOUND,,,,,,,,,,2026-01-05 22:01:42
440650000151426,PDG000,PROC_AUTO_MNF_NP_OUTBOUND,,,,,,,,,,2026-01-05 16:02:45
540560000075326,TGR000,PROC_AUTO_MNF_NP_OUTBOUND,,,,,,,,,,2026-01-05 21:52:19
541820000193426,TGR000,PROC_AUTO_MNF_NP_OUTBOUND,,,,,,,,,,2026-01-06 00:15:10
542440000017626,TGR000,PROC_AUTO_MNF_NP_OUTBOUND,,,,,,,,,,2026-01-05 22:49:47
542950000150526,TGR000,PROC_AUTO_MNF_NP_OUTBOUND,,,,,,,,,,2026-01-05 23:07:29
581060000171526,TSM000,,,,,,,,,,,2026-01-05 14:27:06
620610000046926,PWT000,PROC_AUTO_MNF_NP_OUTBOUND,,,,,,,,,,2026-01-05 23:56:08
630540000147126,CKR000,,,,,,,,,,,2026-01-05 12:58:58
630540000150526,CKR000,PROC_AUTO_MNF_NP_OUTBOUND,,,,,,,,,,2026-01-05 14:01:30
631540013770625,CKR000,PROC_AUTO_MNF_NP_OUTBOUND,,,,,,,,,,2026-01-05 14:00:30
631630000067626,CKR000,PROC_AUTO_MNF_NP_OUTBOUND,,,,,,,,,,2026-01-05 13:57:10
680010000022726,SDA000,PROC_AUTO_MNF_NP_OUTBOUND,,,,,,,,,,2026-01-05 13:17:28
8000120576524,CKR000,,,,,,,,,,,2026-01-05 09:44:43
BLIJC04502325670,TGR000,PROC_AUTO_MNF_NP_OUTBOUND,,,,,,,,,,2026-01-05 22:43:11
BLIJC04502373216,TGR000,PROC_AUTO_MNF_NP_OUTBOUND,,,,,,,,,,2026-01-06 02:54:32
CM06816703649,PLM000,PROC_AUTO_MNF_NP_OUTBOUND,,,,,,,,,,2026-01-05 12:07:46
CM13201057421,MGL000,PROC_AUTO_MNF_NP_OUTBOUND,,,,,,,,,,2026-01-05 21:54:59
CM13632178289,TGR000,PROC_AUTO_MNF_NP_OUTBOUND,,,,,,,,,,2026-01-06 01:14:58
CM14167355808,TGR000,PROC_AUTO_MNF_NP_OUTBOUND,,,,,,,,,,2026-01-05 21:54:01
CM14302480149,TGR000,PROC_AUTO_MNF_NP_OUTBOUND,,,,,,,,,,2026-01-06 00:05:27
CM14503961645,TGR000,PROC_AUTO_MNF_NP_OUTBOUND,,,,,,,,,,2026-01-06 01:18:12
CM15008797139,PSR000,,,,,,,,,,,2026-01-05 21:11:48
CM17099359047,TGR000,PROC_AUTO_MNF_NP_OUTBOUND,,,,,,,,,,2026-01-05 21:54:00
CM19388536674,TGR000,PROC_AUTO_MNF_NP_OUTBOUND,,,,,,,,,,2026-01-06 01:24:12
CM20803392639,TGR000,PROC_AUTO_MNF_NP_OUTBOUND,,,,,,,,,,2026-01-06 00:06:29
CM25189057262,MJK000,PROC_AUTO_MNF_NP_OUTBOUND,,,,,,,,,,2026-01-05 16:26:32
CM26116117862,TGR000,PROC_AUTO_MNF_NP_OUTBOUND,,,,,,,,,,2026-01-06 00:59:11
CM35256513301,BTH000,PROC_AUTO_MNF_NP_OUTBOUND,,,,,,,,,,2026-01-05 15:56:31
CM38726024709,PLM000,,,,,,,,,,,2026-01-05 12:45:33
CM39703258360,BOO000,,,,,,,,,,,2026-01-05 20:54:04
CM46834435107,TSM000,,,,,,,,,,,2026-01-05 19:49:54
CM56714827962,BDO000,PROC_AUTO_MNF_NP_OUTBOUND,,,,,,,,,,2026-01-05 17:47:43
CM71966044020,MES000,PROC_AUTO_MNF_NP_OUTBOUND,,,,,,,,,,2026-01-05 14:27:55
CM74445180501,KDI000,PROC_AUTO_MNF_NP_OUTBOUND,,,,,,,,,,2026-01-05 11:29:31
CM81257697914,CGK000,PROC_AUTO_MNF_NP_OUTBOUND,,,,,,,,,,2026-01-06 02:25:19
CM82180652450,BOO000,,,,,,,,,,,2026-01-05 19:10:16
CM82186120821,TGR000,PROC_AUTO_MNF_NP_OUTBOUND,,,,,,,,,,2026-01-06 01:38:39
CM90798011262,TGR000,PROC_AUTO_MNF_NP_OUTBOUND,,,,,,,,,,2026-01-06 00:52:27
CM93258744035,PLM000,,,,,,,,,,,2026-01-05 14:04:22
CM98890956449,CXP000,PROC_AUTO_MNF_NP_OUTBOUND,,,,,,,,,,2026-01-05 12:46:38
CSS3501048285986,KDR000,,,,,,,,,,,2026-01-05 22:26:22
FWPLM26000374951,PLM000,PROC_AUTO_MNF_NP_OUTBOUND,,,,,,,,,,2026-01-05 16:09:49
FWTSM26000359671,TSM000,,,,,,,,,,,2026-01-05 17:30:35
JNAC-0072681825,CKR000,,,,,,,,,,,2026-01-05 19:23:45
JT00526968846,DPS000,PROC_AUTO_MNF_NP_OUTBOUND,,,,,,,,,,2026-01-05 15:25:52
JT01080585478,SRG000,,,,,,,,,,,2026-01-05 22:38:04
JT01469799886,BOO000,PROC_AUTO_MNF_NP_OUTBOUND,,,,,,,,,,2026-01-05 02:14:38
JT02083409115,SRG000,PROC_AUTO_MNF_NP_OUTBOUND,,,,,,,,,,2026-01-05 21:35:36
JT02700130049,BDO000,PROC_AUTO_MNF_NP_OUTBOUND,,,,,,,,,,2026-01-05 17:47:31
JT05352161537,BPN000,,,,,,,,,,,2026-01-05 13:17:27
JT05938122073,BOO000,,,,,,,,,,,2026-01-05 02:11:07
JT06614429075,BOO000,,,,,,,,,,,2026-01-05 16:29:10
JT12876253106,BOO000,PROC_AUTO_MNF_NP_OUTBOUND,,,,,,,,,,2026-01-05 02:14:48
JT14326254724,BOO000,,,,,,,,,,,2026-01-05 09:28:05
JT15191327163,BOO000,PROC_AUTO_MNF_NP_OUTBOUND,,,,,,,,,,2026-01-05 02:14:43
JT16954860215,BPN000,,,,,,,,,,,2026-01-05 13:17:22
JT17432674906,BOO000,,,,,,,,,,,2026-01-05 04:15:29
JT19709366209,BPN000,,,,,,,,,,,2026-01-05 13:16:58
JT22963956720,SRG000,,,,,,,,,,,2026-01-05 18:41:37
JT23320841539,SRG000,,,,,,,,,,,2026-01-05 21:45:20
JT24040303685,SRG000,,,,,,,,,,,2026-01-05 20:03:08
JT26909219011,BOO000,,,,,,,,,,,2026-01-05 02:11:43
JT28050942604,SRG000,,,,,,,,,,,2026-01-05 21:46:15
JT31923812868,BOO000,,,,,,,,,,,2026-01-05 04:13:36
JT33391271666,JOG000,PROC_AUTO_MNF_NP_OUTBOUND,,,,,,,,,,2026-01-05 13:21:34
JT33446283209,CGK000,,,,,,,,,,,2026-01-05 22:56:21
JT37113002532,BPN000,,,,,,,,,,,2026-01-05 13:16:40
JT38853560248,MJK000,,,,,,,,,,,2026-01-05 17:33:17
JT39110059089,TSM000,,,,,,,,,,,2026-01-05 20:03:15
JT40543103893,BPN000,,,,,,,,,,,2026-01-05 13:16:44
JT40845070129,MGL000,,,,,,,,,,,2026-01-05 22:11:01
JT47880629612,TGL000,,,,,,,,,,,2026-01-05 22:01:40
JT49975682443,CGK000,PROC_AUTO_MNF_NP_OUTBOUND,,,,,,,,,,2026-01-06 08:13:54
JT51626215198,BPN000,,,,,,,,,,,2026-01-05 13:17:57
JT56513877750,TSM000,,,,,,,,,,,2026-01-05 19:59:15
JT64178250999,BOO000,,,,,,,,,,,2026-01-05 02:11:00
JT72406897868,BOO000,,,,,,,,,,,2026-01-05 04:14:25
JT73314321005,TSM000,,,,,,,,,,,2026-01-05 20:03:10
JT77774536207,SRG000,,,,,,,,,,,2026-01-05 18:43:51
JT77830475557,SRG000,,,,,,,,,,,2026-01-05 19:10:52
JT80490820648,BOO000,PROC_AUTO_MNF_NP_OUTBOUND,,,,,,,,,,2026-01-05 02:14:18
JT87263724834,CXP000,,,,,,,,,,,2026-01-05 16:27:51
JT88401206889,SRG000,,,,,,,,,,,2026-01-05 18:40:38
JT91395871703,BPN000,,,,,,,,,,,2026-01-05 13:17:01
KAJ0321184998116,SRG000,,,,,,,,,,,2026-01-05 11:25:04
KAJ0325437960196,SRG000,,,,,,,,,,,2026-01-05 11:24:06
RTSRG26030544712,SRG000,PROC_AUTO_MNF_NP_OUTBOUND,,,,,,,,,,2026-01-05 23:50:11
TG0005411840,BOO000,,,,,,,,,,,2026-01-05 18:18:01
TG0008200848,CGK000,,,,,,,,,,,2026-01-05 22:48:41
TG0009100649,CKR000,,,,,,,,,,,2026-01-05 10:15:38
TG0010060449,BOO000,,,,,,,,,,,2026-01-05 17:54:57
TG0010540948,BKI000,,,,,,,,,,,2026-01-05 09:11:32
TG0010551141,BOO000,,,,,,,,,,,2026-01-05 17:54:33
TG0013040049,BOO000,,,,,,,,,,,2026-01-05 17:55:10
TG0013040149,CGK000,PROC_AUTO_MNF_NP_OUTBOUND,,,,,,,,,,2026-01-05 22:17:27
TG0013280948,BOO000,,,,,,,,,,,2026-01-05 18:45:29
TG3541348870,CGK000,PROC_AUTO_MNF_NP_OUTBOUND,,,,,,,,,,2026-01-05 23:29:45
TG3544767374,TGR000,PROC_AUTO_MNF_NP_OUTBOUND,,,,,,,,,,2026-01-05 13:46:25
TG3547887474,TGR000,PROC_AUTO_MNF_NP_OUTBOUND,,,,,,,,,,2026-01-05 13:46:47
TG3548615174,SRG000,PROC_AUTO_MNF_NP_OUTBOUND,,,,,,,,,,2026-01-05 16:56:09
000001426490,CGK000,,,,,,,,,,,2026-01-05 09:09:52
000001428590,CGK000,,,,,,,,,,,2026-01-05 09:01:06
010200000609826,CGK000,PROC_AUTO_MNF_NP_OUTBOUND,,,,,,,,,,2026-01-06 06:35:51
010240000097926,CGK000,,,,,,,,,,,2026-01-05 21:47:09
010820000225226,CGK000,PROC_AUTO_MNF_NP_OUTBOUND,,,,,,,,,,2026-01-05 22:33:08
011580000070626,CGK000,PROC_AUTO_MNF_NP_OUTBOUND,,,,,,,,,,2026-01-07 00:26:26
011590000107126,CGK000,PROC_AUTO_MNF_NP_OUTBOUND,,,,,,,,,,2026-01-05 22:35:16
013610000141126,CGK000,PROC_AUTO_MNF_NP_OUTBOUND,,,,,,,,,,2026-01-05 21:03:55
015210000160626,CGK000,,,,,,,,,,,2026-01-06 02:38:38
0161262600004403,CGK000,,,,,,,,,,,2026-01-05 11:54:59
0161262600004411,CGK000,,,,,,,,,,,2026-01-05 11:55:07
0161262600004684,CGK000,,,,,,,,,,,2026-01-05 11:55:14
021330000087926,BDO000,PROC_AUTO_MNF_NP_OUTBOUND,,,,,,,,,,2026-01-05 19:51:36
022480000103526,BDO000,,,,,,,,,,,2026-01-05 20:58:51
023170006032125,BDO000,,,,,,,,,,,2026-01-05 20:29:19
023430000015126,BDO000,PROC_AUTO_MNF_NP_OUTBOUND,,,,,,,,,,2026-01-05 17:25:58
024310000072426,BDO000,,,,,,,,,,,2026-01-05 17:37:20
041110018459525,MES000,PROC_AUTO_MNF_NP_OUTBOUND,,,,,,,,,,2026-01-05 13:45:15
041900000071526,MES000,PROC_AUTO_MNF_NP_OUTBOUND,,,,,,,,,,2026-01-05 13:45:31
050560000069126,DPS000,PROC_AUTO_MNF_NP_OUTBOUND,,,,,,,,,,2026-01-05 16:12:45
060060000038326,SRG000,PROC_AUTO_MNF_NP_OUTBOUND,,,,,,,,,,2026-01-05 17:40:32
060220000090526,SRG000,PROC_AUTO_MNF_NP_OUTBOUND,,,,,,,,,,2026-01-05 15:01:34
060810000003726,SRG000,PROC_AUTO_MNF_NP_OUTBOUND,,,,,,,,,,2026-01-05 13:13:43
062820003911625,SRG000,PROC_AUTO_MNF_NP_OUTBOUND,,,,,,,,,,2026-01-05 14:39:40
062820004439725,SRG000,PROC_AUTO_MNF_NP_OUTBOUND,,,,,,,,,,2026-01-05 14:44:08
063600000091826,SRG000,PROC_AUTO_MNF_NP_OUTBOUND,,,,,,,,,,2026-01-05 15:47:50
072240000350126,BKI000,PROC_AUTO_MNF_NP_OUTBOUND,,,,,,,,,,2026-01-05 10:46:06
083110010746725,BOO000,,,,,,,,,,,2026-01-05 20:36:57
090010000976526,PLM000,,,,,,,,,,,2026-01-05 11:34:43
091250000007526,PLM000,,,,,,,,,,,2026-01-05 14:38:15
091540001957325,PLM000,,,,,,,,,,,2026-01-05 14:58:24
091540002463825,PLM000,,,,,,,,,,,2026-01-05 15:02:04
092000004445825,PLM000,,,,,,,,,,,2026-01-05 14:17:00
092230000095126,PLM000,PROC_AUTO_MNF_NP_OUTBOUND,,,,,,,,,,2026-01-05 16:34:46
092350000014326,PLM000,,,,,,,,,,,2026-01-05 13:51:09
092410005398624,PLM000,,,,,,,,,,,2026-01-06 17:30:14
092580000235826,PLM000,,,,,,,,,,,2026-01-05 11:29:32
11003112877058,BKS000,,,,,,,,,,,2026-01-05 10:13:15
170770000094226,CLG000,,,,,,,,,,,2026-01-05 18:32:02
172510000064926,CLG000,,,,,,,,,,,2026-01-05 16:43:15
180180000058926,TKG000,PROC_AUTO_MNF_NP_OUTBOUND,,,,,,,,,,2026-01-05 14:05:27
180640000241126,TKG000,PROC_AUTO_MNF_NP_OUTBOUND,,,,,,,,,,2026-01-05 14:27:32
210020000066826,AMQ000,PROC_AUTO_MNF_NP_OUTBOUND,,,,,,,,,,2026-01-05 14:26:46
210080002269624,AMQ000,,,,,,,,,,,2026-01-05 17:13:55
2600001663203M01,BDO000,PROC_AUTO_MNF_NP_OUTBOUND,,,,,,,,,,2026-01-05 18:22:19
2600001663203M02,BDO000,PROC_AUTO_MNF_NP_OUTBOUND,,,,,,,,,,2026-01-05 18:22:14
2600001704305M03,DPK000,PROC_AUTO_MNF_NP_OUTBOUND,,,,,,,,,,2026-01-06 03:54:16
2600001704305M04,DPK000,PROC_AUTO_MNF_NP_OUTBOUND,,,,,,,,,,2026-01-06 03:54:27
2600001704305M05,DPK000,PROC_AUTO_MNF_NP_OUTBOUND,,,,,,,,,,2026-01-06 03:54:19
391250000124725,MDN000,PROC_AUTO_MNF_NP_OUTBOUND,,,,,,,,,,2026-01-05 16:09:20
401440000531225,MJK000,,,,,,,,,,,2026-01-05 16:37:42
410080008909525,MXG000,PROC_AUTO_MNF_NP_OUTBOUND,,,,,,,,,,2026-01-05 11:13:20
540220000108626,TGR000,PROC_AUTO_MNF_NP_OUTBOUND,,,,,,,,,,2026-01-05 21:38:33
540260000047126,TGR000,PROC_AUTO_MNF_NP_OUTBOUND,,,,,,,,,,2026-01-05 21:38:06
541990000263326,TGR000,PROC_AUTO_MNF_NP_OUTBOUND,,,,,,,,,,2026-01-06 02:07:52
542190000066826,TGR000,PROC_AUTO_MNF_NP_OUTBOUND,,,,,,,,,,2026-01-05 21:28:17
546460000052826,TGR000,PROC_AUTO_MNF_NP_OUTBOUND,,,,,,,,,,2026-01-05 23:24:46
550200000178426,TJQ000,PROC_AUTO_MNF_NP_OUTBOUND,,,,,,,,,,2026-01-05 23:18:57
570560000367725,TRK000,,,,,,,,,,,2026-01-05 21:18:40
630510000057526,CKR000,,,,,,,,,,,2026-01-05 13:01:10
631030000186826,CKR000,PROC_AUTO_MNF_NP_OUTBOUND,,,,,,,,,,2026-01-05 13:56:33
680540004681025,SDA000,PROC_AUTO_MNF_NP_OUTBOUND,,,,,,,,,,2026-01-06 01:12:19
CM00681699310,TGR000,PROC_AUTO_MNF_NP_OUTBOUND,,,,,,,,,,2026-01-06 00:57:20
CM03677796566,TGR000,PROC_AUTO_MNF_NP_OUTBOUND,,,,,,,,,,2026-01-06 00:58:07
CM05154729202,TGR000,PROC_AUTO_MNF_NP_OUTBOUND,,,,,,,,,,2026-01-06 00:07:10
CM08356995832,TGR000,PROC_AUTO_MNF_NP_OUTBOUND,,,,,,,,,,2026-01-06 00:50:00
CM09214187276,TGR000,PROC_AUTO_MNF_NP_OUTBOUND,,,,,,,,,,2026-01-06 00:59:30
CM13673321698,TSM000,PROC_AUTO_MNF_NP_OUTBOUND,,,,,,,,,,2026-01-06 03:36:48
CM14512252065,BOO000,,,,,,,,,,,2026-01-05 20:31:52
CM17248779698,PLM000,,,,,,,,,,,2026-01-05 14:03:46
CM17711473634,DPK000,PROC_AUTO_MNF_NP_OUTBOUND,,,,,,,,,,2026-01-05 23:58:04
CM21176605082,CGK000,PROC_AUTO_MNF_NP_OUTBOUND,,,,,,,,,,2026-01-06 07:50:31
CM21310543022,PLM000,PROC_AUTO_MNF_NP_OUTBOUND,,,,,,,,,,2026-01-05 14:53:37
CM22217629962,SRG000,PROC_AUTO_MNF_NP_OUTBOUND,,,,,,,,,,2026-01-05 14:42:22
CM23626028174,TGR000,PROC_AUTO_MNF_NP_OUTBOUND,,,,,,,,,,2026-01-06 00:05:26
CM24335447735,PLM000,,,,,,,,,,,2026-01-05 11:25:46
CM24404554736,SRG000,PROC_AUTO_MNF_NP_OUTBOUND,,,,,,,,,,2026-01-05 14:41:09
CM27994158724,TGR000,PROC_AUTO_MNF_NP_OUTBOUND,,,,,,,,,,2026-01-06 01:38:23
CM31852149781,TGR000,PROC_AUTO_MNF_NP_OUTBOUND,,,,,,,,,,2026-01-06 01:24:34
CM32743238647,SRG000,,,,,,,,,,,2026-01-05 19:01:46
CM32938372828,BTH000,PROC_AUTO_MNF_NP_OUTBOUND,,,,,,,,,,2026-01-05 16:00:11
CM33945070804,PLM000,,,,,,,,,,,2026-01-05 21:56:16
CM36069674232,BOO000,,,,,,,,,,,2026-01-05 18:09:57
CM43610197001,SRG000,,,,,,,,,,,2026-01-05 23:25:56
CM44920465174,KRW000,PROC_AUTO_MNF_NP_OUTBOUND,,,,,,,,,,2026-01-06 01:08:42
CM52748431474,BKI000,PROC_AUTO_MNF_NP_OUTBOUND,,,,,,,,,,2026-01-05 21:38:41
CM55341609926,MJK000,PROC_AUTO_MNF_NP_OUTBOUND,,,,,,,,,,2026-01-05 16:27:56
CM71834161840,SUB000,PROC_AUTO_MNF_NP_OUTBOUND,,,,,,,,,,2026-01-05 19:23:37
CM82178948765,MJK000,PROC_AUTO_MNF_NP_OUTBOUND,,,,,,,,,,2026-01-06 05:02:52
CM92757493179,BPN000,PROC_AUTO_MNF_NP_OUTBOUND,,,,,,,,,,2026-01-05 14:05:12
JT02773137457,BOO000,,,,,,,,,,,2026-01-05 02:12:28
JT04129714216,BKI000,,,,,,,,,,,2026-01-05 21:16:29
JT04956864547,BKI000,PROC_AUTO_MNF_NP_OUTBOUND,,,,,,,,,,2026-01-05 22:34:25
JT10613780843,PDG000,PROC_AUTO_MNF_NP_OUTBOUND,,,,,,,,,,2026-01-05 18:10:48
JT11893737161,BOO000,,,,,,,,,,,2026-01-05 20:53:33
JT13595633940,PSR000,,,,,,,,,,,2026-01-05 21:44:34
JT16434519828,TKG000,PROC_AUTO_MNF_NP_OUTBOUND,,,,,,,,,,2026-01-05 19:23:41
JT23360405032,BOO000,,,,,,,,,,,2026-01-05 04:16:31
JT33549084004,BOO000,,,,,,,,,,,2026-01-05 13:06:27
JT34015907016,CGK000,PROC_AUTO_MNF_NP_OUTBOUND,,,,,,,,,,2026-01-05 11:00:14
JT35601243763,DPK000,PROC_AUTO_MNF_NP_OUTBOUND,,,,,,,,,,2026-01-06 00:05:54
JT48547811898,TGR000,PROC_AUTO_MNF_NP_OUTBOUND,,,,,,,,,,2026-01-05 23:25:04
JT49351839067,SRG000,,,,,,,,,,,2026-01-05 20:20:13
JT49628829795,TGL000,,,,,,,,,,,2026-01-05 20:30:58
JT51462379580,BOO000,,,,,,,,,,,2026-01-05 04:16:16
JT55799946707,BOO000,,,,,,,,,,,2026-01-05 20:55:02
JT58086219117,BOO000,,,,,,,,,,,2026-01-05 02:11:57
JT69270948879,BOO000,,,,,,,,,,,2026-01-05 04:16:47
JT70600168167,BOO000,,,,,,,,,,,2026-01-05 04:16:26
JT70831781345,SOC000,PROC_AUTO_MNF_NP_OUTBOUND,,,,,,,,,,2026-01-05 21:38:31
JT76032503725,SUB000,PROC_AUTO_MNF_NP_OUTBOUND,,,,,,,,,,2026-01-05 15:40:28
JT77282985687,CGK000,,,,,,,,,,,2026-01-06 00:33:16
JT92334599338,BOO000,,,,,,,,,,,2026-01-05 04:16:06
JT93598354853,CGK000,PROC_AUTO_MNF_NP_OUTBOUND,,,,,,,,,,2026-01-05 19:27:13
KAJ0370317843883,SRG000,,,,,,,,,,,2026-01-05 23:40:22
KAJ0378128614274,SRG000,,,,,,,,,,,2026-01-05 23:39:07
KAJ0379749654830,SRG000,,,,,,,,,,,2026-01-05 23:36:40
KAJ0383718481050,SRG000,,,,,,,,,,,2026-01-05 23:33:31
KAJ0388430549460,SRG000,,,,,,,,,,,2026-01-05 23:37:56
MCT2511005449836,TKG000,PROC_AUTO_MNF_NP_OUTBOUND,,,,,,,,,,2026-01-05 19:22:07
PLMPR00079791326,PLM000,,,,,,,,,,,2026-01-05 11:26:29
TG0005711940,BKI000,,,,,,,,,,,2026-01-05 09:12:15
TG0008240748,BOO000,,,,,,,,,,,2026-01-05 20:54:24
TG0010440048,DPS000,PROC_AUTO_MNF_NP_OUTBOUND,,,,,,,,,,2026-01-05 22:10:27
TG3541327572,CGK000,PROC_AUTO_MNF_NP_OUTBOUND,,,,,,,,,,2026-01-05 12:24:00
TG3543247773,PLM000,,,,,,,,,,,2026-01-05 14:34:11
TG3548278873,SOC000,PROC_AUTO_MNF_NP_OUTBOUND,,,,,,,,,,2026-01-05 14:49:45
TG7008479714,SRG000,PROC_AUTO_MNF_NP_OUTBOUND,,,,,,,,,,2026-01-05 14:37:50
TG7009679614,TGR000,PROC_AUTO_MNF_NP_OUTBOUND,,,,,,,,,,2026-01-06 03:49:11
000001432710,CGK000,,,,,,,,,,,2026-01-05 09:16:21
011120034598525,CGK000,,,,,,,,,,,2026-01-05 15:16:02
013110043846425,CGK000,PROC_AUTO_MNF_NP_OUTBOUND,,,,,,,,,,2026-01-05 21:02:41
020220000261226,BDO000,PROC_AUTO_MNF_NP_OUTBOUND,,,,,,,,,,2026-01-05 16:30:10
020410000398826,BDO000,,,,,,,,,,,2026-01-05 17:28:01
020950000132526,BDO000,PROC_AUTO_MNF_NP_OUTBOUND,,,,,,,,,,2026-01-05 23:55:37
022980000108526,BDO000,PROC_AUTO_MNF_NP_OUTBOUND,,,,,,,,,,2026-01-05 17:22:10
023200000157726,BDO000,PROC_AUTO_MNF_NP_OUTBOUND,,,,,,,,,,2026-01-05 18:31:58
023430000016026,BDO000,PROC_AUTO_MNF_NP_OUTBOUND,,,,,,,,,,2026-01-05 17:24:48
023690013246025,BDO000,PROC_AUTO_MNF_NP_OUTBOUND,,,,,,,,,,2026-01-05 21:53:14
030160000118826,SUB000,PROC_AUTO_MNF_NP_OUTBOUND,,,,,,,,,,2026-01-05 15:48:44
070240008606025,BKI000,,,,,,,,,,,2026-01-05 21:43:36
080090000152526,BOO000,,,,,,,,,,,2026-01-05 12:51:26
080200000117626,BOO000,,,,,,,,,,,2026-01-05 13:02:29
080610000058126,BOO000,,,,,,,,,,,2026-01-05 21:58:15
090860000057826,PLM000,,,,,,,,,,,2026-01-05 14:44:44
091180000011426,PLM000,,,,,,,,,,,2026-01-05 15:01:53
091530000013926,PLM000,,,,,,,,,,,2026-01-05 13:49:31
11003096692283,BKS000,,,,,,,,,,,2026-01-05 10:16:10
11003112883587,BKS000,,,,,,,,,,,2026-01-05 10:45:19
140220000051226,JOG000,,,,,,,,,,,2026-01-05 13:32:59
141020000973725,JOG000,PROC_AUTO_MNF_NP_OUTBOUND,,,,,,,,,,2026-01-05 11:41:08
142070000526625,JOG000,PROC_AUTO_MNF_NP_OUTBOUND,,,,,,,,,,2026-01-05 16:26:46
170850000041926,CLG000,PROC_AUTO_MNF_NP_OUTBOUND,,,,,,,,,,2026-01-05 21:22:57
180020000479426,TKG000,PROC_AUTO_MNF_NP_OUTBOUND,,,,,,,,,,2026-01-05 19:53:50
2600001692702M01,CGK000,PROC_AUTO_MNF_NP_OUTBOUND,,,,,,,,,,2026-01-05 22:34:06
2600001692702M02,CGK000,PROC_AUTO_MNF_NP_OUTBOUND,,,,,,,,,,2026-01-06 06:45:31
2600001712303M01,MDN000,,,,,,,,,,,2026-01-05 16:50:12
2600001712303M02,MDN000,,,,,,,,,,,2026-01-05 16:50:34
2600001712303M03,MDN000,,,,,,,,,,,2026-01-05 16:50:52
2600001719602M01,BDO000,,,,,,,,,,,2026-01-05 17:16:20
300540000091726,DPK000,PROC_AUTO_MNF_NP_OUTBOUND,,,,,,,,,,2026-01-06 03:24:21
330040001013226,JBR000,,,,,,,,,,,2026-01-05 20:23:50
330320000969926,JBR000,PROC_AUTO_MNF_NP_OUTBOUND,,,,,,,,,,2026-01-05 12:00:21
330320000981326,JBR000,PROC_AUTO_MNF_NP_OUTBOUND,,,,,,,,,,2026-01-06 00:43:40
330870000017526,JBR000,,,,,,,,,,,2026-01-05 19:03:46
510390000164426,SMD000,PROC_AUTO_MNF_NP_OUTBOUND,,,,,,,,,,2026-01-05 10:25:16
540130000098726,TGR000,PROC_AUTO_MNF_NP_OUTBOUND,,,,,,,,,,2026-01-05 22:40:20
540500000011326,TGR000,PROC_AUTO_MNF_NP_OUTBOUND,,,,,,,,,,2026-01-06 03:03:37
541500000230626,TGR000,PROC_AUTO_MNF_NP_OUTBOUND,,,,,,,,,,2026-01-05 19:03:52
541910039898125,TGR000,PROC_AUTO_MNF_NP_OUTBOUND,,,,,,,,,,2026-01-05 21:12:05
542020000446526,TGR000,PROC_AUTO_MNF_NP_OUTBOUND,,,,,,,,,,2026-01-06 02:23:51
542150000114826,TGR000,PROC_AUTO_MNF_NP_OUTBOUND,,,,,,,,,,2026-01-06 01:48:52
542200007420225,TGR000,,,,,,,,,,,2026-01-06 02:26:29
580250003102525,TSM000,,,,,,,,,,,2026-01-05 14:52:15
580340000015926,TSM000,,,,,,,,,,,2026-01-05 21:58:40
580470000149026,TSM000,,,,,,,,,,,2026-01-05 14:33:09
580910005520625,TSM000,,,,,,,,,,,2026-01-05 15:46:21
581000000447626,TSM000,,,,,,,,,,,2026-01-05 14:31:48
581060000208226,TSM000,,,,,,,,,,,2026-01-05 14:32:31
581470000022026,TSM000,,,,,,,,,,,2026-01-05 17:11:32
610210002709825,PSR000,,,,,,,,,,,2026-01-05 18:37:09
CM04398229825,PLM000,,,,,,,,,,,2026-01-05 13:51:00
CM12564355008,CGK000,PROC_AUTO_MNF_NP_OUTBOUND,,,,,,,,,,2026-01-05 22:35:34
CM14063073580,TGR000,PROC_AUTO_MNF_NP_OUTBOUND,,,,,,,,,,2026-01-05 16:44:39
CM16257002397,TJQ000,PROC_AUTO_MNF_NP_OUTBOUND,,,,,,,,,,2026-01-05 22:58:42
CM16267529398,TGR000,PROC_AUTO_MNF_NP_OUTBOUND,,,,,,,,,,2026-01-05 17:21:25
CM17094570046,TGR000,PROC_AUTO_MNF_NP_OUTBOUND,,,,,,,,,,2026-01-05 16:44:37
CM18545515518,SRG000,PROC_AUTO_MNF_NP_OUTBOUND,,,,,,,,,,2026-01-05 17:38:59
CM24121637227,PLM000,,,,,,,,,,,2026-01-05 10:16:26
CM28574452463,TGR000,PROC_AUTO_MNF_NP_OUTBOUND,,,,,,,,,,2026-01-05 17:01:33
CM30115005852,PLM000,,,,,,,,,,,2026-01-05 14:42:15
CM34158447400,TGR000,PROC_AUTO_MNF_NP_OUTBOUND,,,,,,,,,,2026-01-06 00:48:40
CM34833805321,BOO000,,,,,,,,,,,2026-01-05 20:31:34
CM35479872930,TGR000,PROC_AUTO_MNF_NP_OUTBOUND,,,,,,,,,,2026-01-06 00:49:39
CM36844740505,TGR000,PROC_AUTO_MNF_NP_OUTBOUND,,,,,,,,,,2026-01-06 01:37:44
CM37958428290,TGR000,PROC_AUTO_MNF_NP_OUTBOUND,,,,,,,,,,2026-01-06 02:27:56
CM40238303993,TGR000,PROC_AUTO_MNF_NP_OUTBOUND,,,,,,,,,,2026-01-06 00:48:59
CM42894276311,TGR000,PROC_AUTO_MNF_NP_OUTBOUND,,,,,,,,,,2026-01-06 00:07:24
CM44536809786,TGR000,PROC_AUTO_MNF_NP_OUTBOUND,,,,,,,,,,2026-01-06 00:02:27
CM46708851190,TGR000,PROC_AUTO_MNF_NP_OUTBOUND,,,,,,,,,,2026-01-06 01:00:01
CM59839538548,BOO000,,,,,,,,,,,2026-01-05 20:32:34
CM61546524591,SRG000,PROC_AUTO_MNF_NP_OUTBOUND,,,,,,,,,,2026-01-06 00:05:47
CM76303106381,TGR000,PROC_AUTO_MNF_NP_OUTBOUND,,,,,,,,,,2026-01-05 21:25:42
CM88391980558,CKR000,,,,,,,,,,,2026-01-05 13:17:01
JBRAA18210604026,JBR000,,,,,,,,,,,2026-01-05 09:46:52
JNAC-0072676090,PSR000,PROC_AUTO_MNF_NP_OUTBOUND,,,,,,,,,,2026-01-06 03:39:44
JNAP-0249267945,SRG000,PROC_AUTO_MNF_NP_OUTBOUND,,,,,,,,,,2026-01-05 05:31:55
JNAP-9083399750,CGK000,PROC_AUTO_MNF_NP_OUTBOUND,,,,,,,,,,2026-01-05 06:16:45
JNEB-1026322062,MJK000,PROC_AUTO_MNF_NP_OUTBOUND,,,,,,,,,,2026-01-05 17:14:15
JT02419849322,BOO000,,,,,,,,,,,2026-01-05 04:19:51
JT06475393215,BDO000,,,,,,,,,,,2026-01-05 17:43:31
JT07560702008,BOO000,,,,,,,,,,,2026-01-05 22:15:56
JT15414744356,JBR000,,,,,,,,,,,2026-01-05 12:00:27
JT15940769056,BOO000,,,,,,,,,,,2026-01-05 22:19:04
JT16643529810,SDA000,,,,,,,,,,,2026-01-05 12:03:26
JT18027281299,BKI000,,,,,,,,,,,2026-01-05 23:07:13
JT19488851595,CGK000,,,,,,,,,,,2026-01-06 00:02:15
JT26061472941,BOO000,,,,,,,,,,,2026-01-05 09:30:04
JT27285294725,JBR000,,,,,,,,,,,2026-01-05 11:59:41
JT29693957981,SUB000,PROC_AUTO_MNF_NP_OUTBOUND,,,,,,,,,,2026-01-05 17:13:10
JT31101503121,BOO000,,,,,,,,,,,2026-01-05 04:20:01
JT32320841554,BDO000,PROC_AUTO_MNF_NP_OUTBOUND,,,,,,,,,,2026-01-05 21:55:56
JT37687087195,SRG000,,,,,,,,,,,2026-01-05 20:19:41
JT37697354373,BOO000,,,,,,,,,,,2026-01-05 09:30:46
JT43050813798,BOO000,PROC_AUTO_MNF_NP_OUTBOUND,,,,,,,,,,2026-01-05 20:58:05
JT44389095928,CGK000,,,,,,,,,,,2026-01-06 00:02:26
JT47598517765,BOO000,,,,,,,,,,,2026-01-05 04:19:31
JT48040499829,JBR000,,,,,,,,,,,2026-01-05 12:00:20
JT48550644098,BOO000,,,,,,,,,,,2026-01-05 04:19:36
JT50004388286,BOO000,,,,,,,,,,,2026-01-05 22:18:59
JT54673018356,BOO000,,,,,,,,,,,2026-01-05 22:16:08
JT54814862472,JBR000,,,,,,,,,,,2026-01-05 11:59:59
JT55630828396,MJK000,PROC_AUTO_MNF_NP_OUTBOUND,,,,,,,,,,2026-01-05 17:15:52
JT58542981935,BOO000,,,,,,,,,,,2026-01-06 00:16:04
JT61357099904,BOO000,,,,,,,,,,,2026-01-05 22:13:50
JT63246608214,BOO000,,,,,,,,,,,2026-01-05 04:19:56
JT67092797561,MGL000,,,,,,,,,,,2026-01-05 12:55:00
JT88560587398,SDA000,,,,,,,,,,,2026-01-05 12:01:58
JT91861594687,CXP000,,,,,,,,,,,2026-01-05 16:34:08
JT92122515253,BDO000,,,,,,,,,,,2026-01-05 10:02:36
JT96084677555,BOO000,,,,,,,,,,,2026-01-05 16:29:41
RTMJK26004226552,MJK000,PROC_AUTO_MNF_NP_OUTBOUND,,,,,,,,,,2026-01-06 05:04:36
RTPLM26019167261,PLM000,,,,,,,,,,,2026-01-05 10:13:54
TG0006600548,CKR000,,,,,,,,,,,2026-01-05 10:17:52
TG0008660448,CGK000,PROC_AUTO_MNF_NP_OUTBOUND,,,,,,,,,,2026-01-05 11:01:06
TG0009660648,BKI000,,,,,,,,,,,2026-01-05 08:53:29
TG0013120448,BOO000,,,,,,,,,,,2026-01-05 18:58:13
TG3540967378,TGR000,PROC_AUTO_MNF_NP_OUTBOUND,,,,,,,,,,2026-01-05 22:05:06
TG3545357679,TGR000,PROC_AUTO_MNF_NP_OUTBOUND,,,,,,,,,,2026-01-05 22:17:19
TG3546577173,CGK000,PROC_AUTO_MNF_NP_OUTBOUND,,,,,,,,,,2026-01-05 12:24:39
TG3546986576,DPK000,,,,,,,,,,,2026-01-05 10:08:08
000001430800,CGK000,,,,,,,,,,,2026-01-05 09:19:02
011420000149726,CGK000,PROC_AUTO_MNF_NP_OUTBOUND,,,,,,,,,,2026-01-06 06:06:38
015060000096626,CGK000,,,,,,,,,,,2026-01-05 22:33:18
015180000011326,CGK000,PROC_AUTO_MNF_NP_OUTBOUND,,,,,,,,,,2026-01-06 03:01:07
0161262600001771,CGK000,,,,,,,,,,,2026-01-05 11:52:45
0161262600002464,CGK000,,,,,,,,,,,2026-01-05 11:52:14
0161262600002621,CGK000,,,,,,,,,,,2026-01-05 11:52:53
016470000136026,CGK000,PROC_AUTO_MNF_NP_OUTBOUND,,,,,,,,,,2026-01-06 00:20:57
016660000410726,CGK000,PROC_AUTO_MNF_NP_OUTBOUND,,,,,,,,,,2026-01-05 23:13:55
020390000274126,BDO000,,,,,,,,,,,2026-01-05 17:27:22
020950000127226,BDO000,PROC_AUTO_MNF_NP_OUTBOUND,,,,,,,,,,2026-01-05 16:57:33
021110000351426,BDO000,PROC_AUTO_MNF_NP_OUTBOUND,,,,,,,,,,2026-01-05 20:39:51
021890000056826,BDO000,PROC_AUTO_MNF_NP_OUTBOUND,,,,,,,,,,2026-01-05 22:11:45
030610000508226,SUB000,PROC_AUTO_MNF_NP_OUTBOUND,,,,,,,,,,2026-01-05 21:36:44
030660000073626,SUB000,PROC_AUTO_MNF_NP_OUTBOUND,,,,,,,,,,2026-01-05 18:42:31
041620000733426,MES000,PROC_AUTO_MNF_NP_OUTBOUND,,,,,,,,,,2026-01-05 13:45:02
060230014774725,SRG000,,,,,,,,,,,2026-01-05 11:09:35
060420000149426,SRG000,,,,,,,,,,,2026-01-05 11:31:12
060440001352026,SRG000,PROC_AUTO_MNF_NP_OUTBOUND,,,,,,,,,,2026-01-05 14:42:10
060660000100026,SRG000,,,,,,,,,,,2026-01-05 17:46:29
060850000060826,SRG000,PROC_AUTO_MNF_NP_OUTBOUND,,,,,,,,,,2026-01-05 16:42:17
066270000007326,SRG000,PROC_AUTO_MNF_NP_OUTBOUND,,,,,,,,,,2026-01-05 22:34:29
070580000401226,BKI000,PROC_AUTO_MNF_NP_OUTBOUND,,,,,,,,,,2026-01-05 22:20:55
072770000162726,BKI000,PROC_AUTO_MNF_NP_OUTBOUND,,,,,,,,,,2026-01-06 00:50:56
081450000136826,BOO000,,,,,,,,,,,2026-01-05 19:03:55
081450019086825,BOO000,,,,,,,,,,,2026-01-05 12:43:39
083020000029526,BOO000,PROC_AUTO_MNF_NP_OUTBOUND,,,,,,,,,,2026-01-05 20:40:24
083260000037426,BOO000,PROC_AUTO_MNF_NP_OUTBOUND,,,,,,,,,,2026-01-05 17:33:40
083490013113625,BOO000,,,,,,,,,,,2026-01-05 17:38:21
090040000066026,PLM000,,,,,,,,,,,2026-01-05 09:24:05
090040000069726,PLM000,,,,,,,,,,,2026-01-05 09:37:29
090040000073126,PLM000,,,,,,,,,,,2026-01-05 11:56:54
091470000099826,PLM000,,,,,,,,,,,2026-01-05 13:50:56
100080011835524,UPG000,PROC_AUTO_MNF_NP_OUTBOUND,,,,,,,,,,2026-01-05 21:39:23
120620000016426,SOC000,,,,,,,,,,,2026-01-05 14:51:17
131120004301225,BPN000,PROC_AUTO_MNF_NP_OUTBOUND,,,,,,,,,,2026-01-05 21:48:07
141030000606025,JOG000,PROC_AUTO_MNF_NP_OUTBOUND,,,,,,,,,,2026-01-05 12:01:13
150990000017226,BTH000,PROC_AUTO_MNF_NP_OUTBOUND,,,,,,,,,,2026-01-05 17:43:58
151340001919425,BTH000,PROC_AUTO_MNF_NP_OUTBOUND,,,,,,,,,,2026-01-05 17:41:46
180110000170726,TKG000,PROC_AUTO_MNF_NP_OUTBOUND,,,,,,,,,,2026-01-05 13:56:23
210340000596025,AMQ000,,,,,,,,,,,2026-01-05 18:12:15
210340002238025,AMQ000,,,,,,,,,,,2026-01-05 18:12:50
2600001710502M01,TGR000,PROC_AUTO_MNF_NP_OUTBOUND,,,,,,,,,,2026-01-05 21:05:48
2600001710502M02,TGR000,PROC_AUTO_MNF_NP_OUTBOUND,,,,,,,,,,2026-01-05 21:05:26
330320000985926,JBR000,,,,,,,,,,,2026-01-05 16:00:29
351080000023926,KDR000,,,,,,,,,,,2026-01-05 22:31:07
371470000058326,KRW000,PROC_AUTO_MNF_NP_OUTBOUND,,,,,,,,,,2026-01-06 00:26:41
400580000043526,MJK000,PROC_AUTO_MNF_NP_OUTBOUND,,,,,,,,,,2026-01-05 15:10:13
400580000044426,MJK000,PROC_AUTO_MNF_NP_OUTBOUND,,,,,,,,,,2026-01-05 22:14:20
510020000192826,SMD000,PROC_AUTO_MNF_NP_OUTBOUND,,,,,,,,,,2026-01-05 10:22:53
541570000253326,TGR000,PROC_AUTO_MNF_NP_OUTBOUND,,,,,,,,,,2026-01-05 20:55:31
542090000257826,TGR000,PROC_AUTO_MNF_NP_OUTBOUND,,,,,,,,,,2026-01-05 21:27:39
542370023295525,TGR000,,,,,,,,,,,2026-01-05 20:33:47
543070000045726,TGR000,PROC_AUTO_MNF_NP_OUTBOUND,,,,,,,,,,2026-01-05 21:51:41
546540000972926,TGR000,PROC_AUTO_MNF_NP_OUTBOUND,,,,,,,,,,2026-01-06 03:00:48
581060000207326,TSM000,,,,,,,,,,,2026-01-05 14:27:58
620510000462526,PWT000,PROC_AUTO_MNF_NP_OUTBOUND,,,,,,,,,,2026-01-05 20:36:58
680210009291025,SDA000,,,,,,,,,,,2026-01-05 13:57:08
8000134794471,BKI000,,,,,,,,,,,2026-01-05 08:27:33
CM00453879656,KDR000,PROC_AUTO_MNF_NP_OUTBOUND,,,,,,,,,,2026-01-06 01:56:05
CM01356863122,CGK000,PROC_AUTO_MNF_NP_OUTBOUND,,,,,,,,,,2026-01-06 00:34:32
CM03357323939,BOO000,,,,,,,,,,,2026-01-05 13:03:50
CM09891552395,TGR000,PROC_AUTO_MNF_NP_OUTBOUND,,,,,,,,,,2026-01-05 22:30:52
CM15657042624,BDO000,PROC_AUTO_MNF_NP_OUTBOUND,,,,,,,,,,2026-01-05 16:26:45
CM19267079581,BOO000,,,,,,,,,,,2026-01-05 20:31:49
CM20647658646,BOO000,,,,,,,,,,,2026-01-05 20:32:21
CM23699757346,TTE000,,,,,,,,,,,2026-01-05 16:08:07
CM25042359401,BOO000,,,,,,,,,,,2026-01-05 20:32:11
CM26380913391,PLM000,,,,,,,,,,,2026-01-05 11:38:38
CM28930041356,BKI000,,,,,,,,,,,2026-01-05 16:23:56
CM32039122078,BOO000,,,,,,,,,,,2026-01-05 20:32:51
CM33491940391,TRK000,,,,,,,,,,,2026-01-05 09:35:36
CM38364175859,TJQ000,PROC_AUTO_MNF_NP_OUTBOUND,,,,,,,,,,2026-01-05 11:56:01
CM43738863052,TGR000,PROC_AUTO_MNF_NP_OUTBOUND,,,,,,,,,,2026-01-05 13:46:56
CM44246063611,PSR000,,,,,,,,,,,2026-01-05 21:16:11
CM53187072226,TGR000,PROC_AUTO_MNF_NP_OUTBOUND,,,,,,,,,,2026-01-05 13:46:50
CM54054031389,PLM000,,,,,,,,,,,2026-01-05 14:40:22
CM56921293878,MJK000,PROC_AUTO_MNF_NP_OUTBOUND,,,,,,,,,,2026-01-05 15:35:41
CM57323177186,BOO000,,,,,,,,,,,2026-01-05 22:27:36
CM59305010326,TGR000,PROC_AUTO_MNF_NP_OUTBOUND,,,,,,,,,,2026-01-05 17:01:51
CM74004977256,BKI000,,,,,,,,,,,2026-01-05 16:19:32
CM75588749939,BKI000,,,,,,,,,,,2026-01-05 16:20:36
CM77226508846,CGK000,PROC_AUTO_MNF_NP_OUTBOUND,,,,,,,,,,2026-01-06 00:39:42
CM77666416020,MGL000,PROC_AUTO_MNF_NP_OUTBOUND,,,,,,,,,,2026-01-05 21:54:33
CM79195290710,MGL000,PROC_AUTO_MNF_NP_OUTBOUND,,,,,,,,,,2026-01-05 21:58:15
CM79617625052,TGR000,PROC_AUTO_MNF_NP_OUTBOUND,,,,,,,,,,2026-01-05 16:44:21
CM79655726419,MGL000,,,,,,,,,,,2026-01-05 22:24:37
CM83221284810,MES000,PROC_AUTO_MNF_NP_OUTBOUND,,,,,,,,,,2026-01-06 05:06:21
CM84787395716,BKI000,,,,,,,,,,,2026-01-05 20:57:42
CM95639074792,CKR000,,,,,,,,,,,2026-01-05 13:16:19
CM97173722067,MES000,PROC_AUTO_MNF_NP_OUTBOUND,,,,,,,,,,2026-01-06 05:06:30
CSS3501048286217,KDR000,,,,,,,,,,,2026-01-05 22:25:32
JNAP-0249270217,CGK000,PROC_AUTO_MNF_NP_OUTBOUND,,,,,,,,,,2026-01-05 06:19:48
JNAP-0249281866,CGK000,PROC_AUTO_MNF_NP_OUTBOUND,,,,,,,,,,2026-01-05 06:19:19
JT11079065860,BPN000,,,,,,,,,,,2026-01-05 13:17:13
JT11454089157,MJK000,,,,,,,,,,,2026-01-05 18:09:24
JT17219533712,BOO000,,,,,,,,,,,2026-01-05 19:36:43
JT19193942602,BOO000,,,,,,,,,,,2026-01-05 18:51:12
JT26925509739,BOO000,,,,,,,,,,,2026-01-05 19:26:00
JT35445563247,BOO000,,,,,,,,,,,2026-01-05 19:25:26
JT67453239995,CGK000,,,,,,,,,,,2026-01-04 22:47:21
JT67581561701,SOC000,,,,,,,,,,,2026-01-05 17:42:31
JT68180204998,MES000,PROC_AUTO_MNF_NP_OUTBOUND,,,,,,,,,,2026-01-06 03:03:07
JT79313382151,PLM000,PROC_AUTO_MNF_NP_OUTBOUND,,,,,,,,,,2026-01-05 12:14:43
JT79443012975,JOG000,PROC_AUTO_MNF_NP_OUTBOUND,,,,,,,,,,2026-01-05 18:35:51
JT89468828652,DPK000,PROC_AUTO_MNF_NP_OUTBOUND,,,,,,,,,,2026-01-06 00:05:42
JT95365032500,TGR000,,,,,,,,,,,2026-01-05 21:15:32
JT95516752316,BKI000,,,,,,,,,,,2026-01-05 16:19:41
JT98147119816,CLG000,PROC_AUTO_MNF_NP_OUTBOUND,,,,,,,,,,2026-01-05 18:48:47
RTCXP26002412026,CXP000,PROC_AUTO_MNF_NP_OUTBOUND,,,,,,,,,,2026-01-05 17:27:35
RTSRG26030545133,SRG000,,,,,,,,,,,2026-01-05 19:12:15
RTTSM26013048995,TSM000,,,,,,,,,,,2026-01-05 20:52:23
TG0006500948,BKI000,,,,,,,,,,,2026-01-05 08:54:24
TG0007880847,TSM000,,,,,,,,,,,2026-01-05 15:48:47
TG0010600848,BKI000,,,,,,,,,,,2026-01-05 08:53:44
TRKEC03648142326,TRK000,,,,,,,,,,,2026-01-05 08:46:01
TTEAP00197015526,TTE000,,,,,,,,,,,2026-01-05 09:47:19
000001432500,CGK000,,,,,,,,,,,2026-01-05 09:15:05
010080000083826,CGK000,,,,,,,,,,,2026-01-06 00:13:34
0161262600001797,CGK000,,,,,,,,,,,2026-01-05 11:52:37
0161262600002035,CGK000,,,,,,,,,,,2026-01-05 11:52:29
0161262600003769,CGK000,,,,,,,,,,,2026-01-05 11:52:23
020030000417526,BDO000,PROC_AUTO_MNF_NP_OUTBOUND,,,,,,,,,,2026-01-05 16:25:32
021090000005826,BDO000,PROC_AUTO_MNF_NP_OUTBOUND,,,,,,,,,,2026-01-05 18:09:07
021110019694025,BDO000,PROC_AUTO_MNF_NP_OUTBOUND,,,,,,,,,,2026-01-05 21:33:44
021410000372626,BDO000,PROC_AUTO_MNF_NP_OUTBOUND,,,,,,,,,,2026-01-05 15:42:10
021750000098726,BDO000,,,,,,,,,,,2026-01-05 17:40:52
022200003245725,BDO000,PROC_AUTO_MNF_NP_OUTBOUND,,,,,,,,,,2026-01-05 17:34:37
023160000237926,BDO000,PROC_AUTO_MNF_NP_OUTBOUND,,,,,,,,,,2026-01-05 17:49:11
024350000257226,BDO000,PROC_AUTO_MNF_NP_OUTBOUND,,,,,,,,,,2026-01-05 18:57:03
030240027822225,SUB000,PROC_AUTO_MNF_NP_OUTBOUND,,,,,,,,,,2026-01-05 15:37:15
030880000153326,SUB000,PROC_AUTO_MNF_NP_OUTBOUND,,,,,,,,,,2026-01-05 14:41:36
034720000470524,SUB000,PROC_AUTO_MNF_NP_OUTBOUND,,,,,,,,,,2026-01-05 19:46:47
040050000309926,MES000,PROC_AUTO_MNF_NP_OUTBOUND,,,,,,,,,,2026-01-05 14:42:40
040120000097126,MES000,PROC_AUTO_MNF_NP_OUTBOUND,,,,,,,,,,2026-01-05 14:35:05
040120000100626,MES000,PROC_AUTO_MNF_NP_OUTBOUND,,,,,,,,,,2026-01-05 14:33:09
040180000132526,MES000,PROC_AUTO_MNF_NP_OUTBOUND,,,,,,,,,,2026-01-05 13:39:43
042480000034726,MES000,PROC_AUTO_MNF_NP_OUTBOUND,,,,,,,,,,2026-01-06 01:56:04
050150012770225,DPS000,PROC_AUTO_MNF_NP_OUTBOUND,,,,,,,,,,2026-01-05 15:46:23
050190000045826,DPS000,PROC_AUTO_MNF_NP_OUTBOUND,,,,,,,,,,2026-01-06 05:57:51
060120000184326,SRG000,PROC_AUTO_MNF_NP_OUTBOUND,,,,,,,,,,2026-01-05 15:53:57
060320000242126,SRG000,PROC_AUTO_MNF_NP_OUTBOUND,,,,,,,,,,2026-01-05 17:01:54
060350044171725,SRG000,PROC_AUTO_MNF_NP_OUTBOUND,,,,,,,,,,2026-01-05 13:14:36
060420046739325,SRG000,,,,,,,,,,,2026-01-05 11:35:09
060440001373526,SRG000,,,,,,,,,,,2026-01-05 13:47:13
060470000091126,SRG000,,,,,,,,,,,2026-01-05 14:11:57
064880000625226,SRG000,PROC_AUTO_MNF_NP_OUTBOUND,,,,,,,,,,2026-01-05 13:22:55
065840001842325,SRG000,,,,,,,,,,,2026-01-05 16:20:57
071030000699726,BKI000,,,,,,,,,,,2026-01-05 16:10:58
080430014275725,BOO000,PROC_AUTO_MNF_NP_OUTBOUND,,,,,,,,,,2026-01-05 12:42:06
080610000059026,BOO000,PROC_AUTO_MNF_NP_OUTBOUND,,,,,,,,,,2026-01-06 00:50:38
081450000124226,BOO000,,,,,,,,,,,2026-01-05 19:09:11
082790009743125,BOO000,,,,,,,,,,,2026-01-05 23:31:26
082930022356325,BOO000,,,,,,,,,,,2026-01-05 22:22:00
090010000248726,PLM000,,,,,,,,,,,2026-01-05 11:43:41
090040007483025,PLM000,,,,,,,,,,,2026-01-05 09:36:41
090190000026726,PLM000,PROC_AUTO_MNF_NP_OUTBOUND,,,,,,,,,,2026-01-05 10:26:23
090280000055226,PLM000,,,,,,,,,,,2026-01-05 15:01:25
090670000027526,PLM000,,,,,,,,,,,2026-01-05 14:41:06
090690000043126,PLM000,,,,,,,,,,,2026-01-05 13:49:47
090860008853725,PLM000,,,,,,,,,,,2026-01-05 16:55:21
090990003082425,PLM000,,,,,,,,,,,2026-01-05 14:16:06
091200000033426,PLM000,,,,,,,,,,,2026-01-05 14:13:08
092310000036626,PLM000,,,,,,,,,,,2026-01-05 14:22:54
092310000039326,PLM000,,,,,,,,,,,2026-01-05 14:24:05
092580000229626,PLM000,,,,,,,,,,,2026-01-05 11:33:38
11003096698388,BKS000,,,,,,,,,,,2026-01-05 10:15:53
11003106235084,BKS000,,,,,,,,,,,2026-01-05 10:15:56
11003110371914,BKS000,,,,,,,,,,,2026-01-05 10:14:26
141710000016126,JOG000,PROC_AUTO_MNF_NP_OUTBOUND,,,,,,,,,,2026-01-05 17:37:50
142170000069826,JOG000,PROC_AUTO_MNF_NP_OUTBOUND,,,,,,,,,,2026-01-05 14:05:37
150070000084326,BTH000,PROC_AUTO_MNF_NP_OUTBOUND,,,,,,,,,,2026-01-05 16:20:42
171070000011726,CLG000,PROC_AUTO_MNF_NP_OUTBOUND,,,,,,,,,,2026-01-05 21:05:59
175000000006026,CLG000,PROC_AUTO_MNF_NP_OUTBOUND,,,,,,,,,,2026-01-05 23:13:58
180250000199426,TKG000,PROC_AUTO_MNF_NP_OUTBOUND,,,,,,,,,,2026-01-05 12:30:44
257280000583824,CBN000,,,,,,,,,,,2026-01-05 16:28:58
2600001667802M01,JOG000,PROC_AUTO_MNF_NP_OUTBOUND,,,,,,,,,,2026-01-05 12:45:06
2600001667802M02,JOG000,PROC_AUTO_MNF_NP_OUTBOUND,,,,,,,,,,2026-01-05 12:44:49
2600001709805M01,CGK000,PROC_AUTO_MNF_NP_OUTBOUND,,,,,,,,,,2026-01-05 23:21:47
2600001709805M04,CGK000,PROC_AUTO_MNF_NP_OUTBOUND,,,,,,,,,,2026-01-05 23:21:32
270090000325426,CXP000,PROC_AUTO_MNF_NP_OUTBOUND,,,,,,,,,,2026-01-05 12:47:58
330040000983026,JBR000,,,,,,,,,,,2026-01-05 20:01:44
330870000013926,JBR000,,,,,,,,,,,2026-01-05 19:22:41
350040000707326,KDR000,PROC_AUTO_MNF_NP_OUTBOUND,,,,,,,,,,2026-01-05 12:37:56
370440000030526,KRW000,PROC_AUTO_MNF_NP_OUTBOUND,,,,,,,,,,2026-01-05 21:01:38
370630000054626,KRW000,PROC_AUTO_MNF_NP_OUTBOUND,,,,,,,,,,2026-01-05 22:17:27
400060000274426,MJK000,PROC_AUTO_MNF_NP_OUTBOUND,,,,,,,,,,2026-01-07 03:06:49
440250003833825,PDG000,PROC_AUTO_MNF_NP_OUTBOUND,,,,,,,,,,2026-01-05 17:29:25
540090000895026,TGR000,PROC_AUTO_MNF_NP_OUTBOUND,,,,,,,,,,2026-01-05 23:34:11
540700000509026,TGR000,,,,,,,,,,,2026-01-05 20:38:08
540850000312526,TGR000,PROC_AUTO_MNF_NP_OUTBOUND,,,,,,,,,,2026-01-06 00:12:23
542340000193326,TGR000,PROC_AUTO_MNF_NP_OUTBOUND,,,,,,,,,,2026-01-05 22:20:34
543150000033426,TGR000,PROC_AUTO_MNF_NP_OUTBOUND,,,,,,,,,,2026-01-06 02:14:39
550430000024226,TJQ000,PROC_AUTO_MNF_NP_OUTBOUND,,,,,,,,,,2026-01-05 23:01:28
580900000016026,TSM000,,,,,,,,,,,2026-01-05 20:33:11
581450000016226,TSM000,,,,,,,,,,,2026-01-05 14:52:36
581510000008026,TSM000,,,,,,,,,,,2026-01-05 16:54:19
602380000087526,MGL000,,,,,,,,,,,2026-01-05 19:09:03
640540000076526,TGL000,,,,,,,,,,,2026-01-05 18:23:49
CM08385848553,TGR000,PROC_AUTO_MNF_NP_OUTBOUND,,,,,,,,,,2026-01-05 22:28:35
CM11026281410,PLM000,,,,,,,,,,,2026-01-05 13:51:59
CM11131184433,CXP000,,,,,,,,,,,2026-01-05 16:40:10
CM11260643734,MJK000,PROC_AUTO_MNF_NP_OUTBOUND,,,,,,,,,,2026-01-05 22:14:18
CM30936168650,BDO000,PROC_AUTO_MNF_NP_OUTBOUND,,,,,,,,,,2026-01-06 04:01:45
CM38272014303,SRG000,PROC_AUTO_MNF_NP_OUTBOUND,,,,,,,,,,2026-01-05 13:58:28
CM50339079104,DPK000,PROC_AUTO_MNF_NP_OUTBOUND,,,,,,,,,,2026-01-06 01:08:39
CM54584114259,BDO000,PROC_AUTO_MNF_NP_OUTBOUND,,,,,,,,,,2026-01-05 20:40:36
CM70315711948,SOC000,PROC_AUTO_MNF_NP_OUTBOUND,,,,,,,,,,2026-01-05 13:34:41
CM73381741609,BDO000,,,,,,,,,,,2026-01-05 18:59:22
CM74460817175,PLM000,,,,,,,,,,,2026-01-05 13:50:51
CM77701111389,TSM000,,,,,,,,,,,2026-01-06 03:36:03
CM78587701989,SUB000,PROC_AUTO_MNF_NP_OUTBOUND,,,,,,,,,,2026-01-05 21:48:21
CM80843940749,TGR000,PROC_AUTO_MNF_NP_OUTBOUND,,,,,,,,,,2026-01-05 21:35:27
CM82295588979,MGL000,,,,,,,,,,,2026-01-05 13:46:55
CM83276508296,SOC000,PROC_AUTO_MNF_NP_OUTBOUND,,,,,,,,,,2026-01-05 13:35:08
CM90122245891,TGR000,PROC_AUTO_MNF_NP_OUTBOUND,,,,,,,,,,2026-01-05 20:36:02
CSS3501048286869,KDR000,,,,,,,,,,,2026-01-05 22:34:24
FWBOO26001536792,BOO000,,,,,,,,,,,2026-01-05 12:40:39
FWMES26000637163,MES000,PROC_AUTO_MNF_NP_OUTBOUND,,,,,,,,,,2026-01-06 03:19:10
JNAP-9083399901,CGK000,PROC_AUTO_MNF_NP_OUTBOUND,,,,,,,,,,2026-01-05 06:17:00
JNEB-1026315705,KDR000,PROC_AUTO_MNF_NP_OUTBOUND,,,,,,,,,,2026-01-05 12:37:41
JNEB-1026317715,PLM000,,,,,,,,,,,2026-01-05 16:32:36
JNEB-1026319984,PLM000,,,,,,,,,,,2026-01-05 15:12:34
JNEB-1026320304,PLM000,,,,,,,,,,,2026-01-05 15:26:00
JT02791863771,BPN000,,,,,,,,,,,2026-01-05 13:16:55
JT05658129160,SDA000,,,,,,,,,,,2026-01-05 12:02:06
JT05787800534,BPN000,,,,,,,,,,,2026-01-05 13:17:30
JT07674607621,SUB000,,,,,,,,,,,2026-01-05 20:12:14
JT11369738001,BPN000,,,,,,,,,,,2026-01-05 13:17:06
JT12706165959,CXP000,,,,,,,,,,,2026-01-05 17:17:14
JT14316762444,SUB000,,,,,,,,,,,2026-01-06 13:36:50
JT15913977556,BPN000,,,,,,,,,,,2026-01-05 13:17:54
JT16269364698,CGK000,,,,,,,,,,,2026-01-05 20:33:47
JT18982937056,MES000,PROC_AUTO_MNF_NP_OUTBOUND,,,,,,,,,,2026-01-06 03:08:32
JT19433475131,BPN000,,,,,,,,,,,2026-01-05 13:17:09
JT23445319203,JOG000,PROC_AUTO_MNF_NP_OUTBOUND,,,,,,,,,,2026-01-05 17:51:23
JT31296628535,DPK000,PROC_AUTO_MNF_NP_OUTBOUND,,,,,,,,,,2026-01-05 23:15:30
JT36647056084,KDR000,,,,,,,,,,,2026-01-05 18:46:05
JT41308546546,BPN000,,,,,,,,,,,2026-01-05 13:17:19
JT42141374677,BOO000,PROC_AUTO_MNF_NP_OUTBOUND,,,,,,,,,,2026-01-05 10:17:13
JT43242493210,CGK000,,,,,,,,,,,2026-01-06 05:58:32
JT44344529061,BPN000,,,,,,,,,,,2026-01-05 13:17:16
JT55457207853,SRG000,,,,,,,,,,,2026-01-05 21:38:23
JT61549381680,TKG000,PROC_AUTO_MNF_NP_OUTBOUND,,,,,,,,,,2026-01-05 19:21:15
JT67976639085,CGK000,,,,,,,,,,,2026-01-05 20:33:32
JT74412855599,BOO000,,,,,,,,,,,2026-01-05 19:12:40
JT77281328286,BOO000,,,,,,,,,,,2026-01-05 13:09:53
JT81188239192,CKR000,,,,,,,,,,,2026-01-05 20:52:28
JT81275278521,AMI000,PROC_AUTO_MNF_NP_OUTBOUND,,,,,,,,,,2026-01-05 13:55:46
JT85236245514,BPN000,,,,,,,,,,,2026-01-05 13:17:47
JT91813515177,CGK000,,,,,,,,,,,2026-01-06 05:54:02
MKWAC00134445426,MKW000,PROC_AUTO_MNF_NP_OUTBOUND,,,,,,,,,,2026-01-05 16:05:56
RTBDO26040634671,BDO000,PROC_AUTO_MNF_NP_OUTBOUND,,,,,,,,,,2026-01-05 16:04:36
RTPDG26010453603,PDG000,PROC_AUTO_MNF_NP_OUTBOUND,,,,,,,,,,2026-01-05 15:45:14
RTPDG26010453662,PDG000,PROC_AUTO_MNF_NP_OUTBOUND,,,,,,,,,,2026-01-05 14:57:17
RTPLM26019167241,PLM000,,,,,,,,,,,2026-01-05 10:12:08
RTSRG26030545352,SRG000,,,,,,,,,,,2026-01-05 19:13:08
RTSRG26030545413,SRG000,,,,,,,,,,,2026-01-05 19:13:16
TG0010811540,CGK000,,,,,,,,,,,2026-01-05 22:59:55
TG0014320848,BOO000,,,,,,,,,,,2026-01-05 18:13:59
TG3541686975,BDO000,PROC_AUTO_MNF_NP_OUTBOUND,,,,,,,,,,2026-01-05 17:40:42
TG3547147074,CKR000,,,,,,,,,,,2026-01-05 10:17:41
TG7003229317,TGR000,PROC_AUTO_MNF_NP_OUTBOUND,,,,,,,,,,2026-01-06 10:56:30
013080000431126,CGK000,PROC_AUTO_MNF_NP_OUTBOUND,,,,,,,,,,2026-01-06 14:04:18
TG3548019564,SRG000,,,,,,,,,,,2026-01-05 19:17:29
